id,climate,energy,environment,resources,sustainability,dedicated
507874,0,0,0,0,0,0
511797,0,0,0,0,0,0
514088,0,0,0,0,0,0
507587,0,0,0,0,0,0
507588,0,0,0,0,0,0
507589,0,0,0,0,0,0
507590,0,0,0,0,0,0
508934,0,0,0,0,0,0
507591,0,0,0,0,0,0
507592,0,0,0,0,0,0
507593,0,0,0,0,0,0
507594,0,0,0,0,0,0
507595,0,0,0,0,0,0
511795,0,0,0,0,0,0
508441,0,0,0,0,0,0
513724,0,0,0,0,0,0
507597,0,0,0,0,0,0
507598,0,0,0,0,0,0
507599,0,0,0,0,0,0
507600,0,0,0,0,0,0
507601,0,0,0,0,0,0
514140,0,0,0,0,0,0
507603,0,0,0,0,0,0
507604,0,0,0,0,0,0
507605,0,0,0,0,0,0
511796,0,0,0,0,0,0
511128,0,0,0,0,0,0
508933,0,0,0,0,0,0
508442,0,0,0,0,0,0
507606,0,0,0,0,0,0
508020,0,0,0,0,0,0
509992,0,0,0,0,0,0
505894,0,0,0,0,0,0
505903,0,0,0,0,0,0
505897,0,0,0,0,0,0
505898,0,0,0,0,0,0
507168,0,0,0,0,0,0
510085,0,0,0,0,0,0
512151,0,0,0,0,0,0
512152,0,0,0,0,0,0
515114,0,0,0,0,0,0
505907,0,0,0,0,0,0
508019,0,0,0,0,0,0
512164,0,0,0,0,0,0
505909,0,0,0,0,0,0
505892,0,0,0,0,0,0
505893,0,0,0,0,0,0
505906,0,0,0,0,0,0
505905,0,0,0,0,0,0
512166,0,0,0,0,0,0
505915,0,0,0,0,0,0
515445,0,0,0,0,0,0
515447,0,0,0,0,0,0
515444,0,0,0,0,0,0
515446,0,0,0,0,0,0
515443,0,0,0,0,0,0
505908,0,0,0,0,0,0
512170,0,0,0,0,0,0
505917,0,0,0,0,0,0
512168,0,0,0,0,0,0
505902,0,0,0,0,0,0
505899,0,0,0,0,0,0
505901,0,0,0,0,0,0
505756,0,0,0,0,0,0
515207,0,0,0,0,0,0
512090,0,0,0,0,0,0
515206,0,0,0,0,0,0
508767,0,0,0,0,0,0
505757,0,0,0,0,0,0
505761,0,0,0,0,0,0
515189,0,0,0,0,0,0
515190,0,0,0,0,0,0
507092,0,0,0,0,0,0
511132,0,0,0,0,0,0
511133,0,0,0,0,0,0
514482,0,0,0,0,0,0
511809,0,0,0,0,0,0
512096,0,0,0,0,0,0
515191,0,0,0,0,0,0
511812,0,0,0,0,0,0
514483,0,0,0,0,0,0
512337,0,0,0,0,0,0
509514,0,0,0,0,0,0
505759,0,0,0,0,0,0
505770,0,0,0,0,0,0
513330,0,0,0,0,0,0
505771,0,0,0,0,0,0
507095,0,0,0,0,0,0
507093,0,0,0,0,0,0
513368,0,0,0,0,0,0
509826,0,0,0,0,0,0
505768,0,0,0,0,0,0
505772,0,0,0,0,0,0
508806,0,0,0,0,0,0
505921,0,0,0,0,0,0
507905,0,0,0,0,0,0
505923,0,0,0,0,0,0
509048,0,0,0,0,0,0
512172,0,0,0,0,0,0
512153,0,0,0,0,0,0
512154,0,0,0,0,0,0
509955,0,0,0,0,0,0
515121,0,0,0,0,0,0
507903,0,0,0,0,0,0
507174,0,0,0,0,0,0
512165,0,0,0,0,0,0
505919,0,0,0,0,0,0
505920,0,0,0,0,0,0
509047,0,0,0,0,0,0
505927,0,0,0,0,0,0
515450,0,0,0,0,0,0
515452,0,0,0,0,0,0
515449,0,0,0,0,0,0
515451,0,0,0,0,0,0
515448,0,0,0,0,0,0
505933,0,0,0,0,0,0
505938,0,0,0,0,0,0
505932,0,0,0,0,0,0
512171,0,0,0,0,0,0
511015,0,0,0,0,0,0
512815,0,0,0,0,0,0
507171,0,0,0,0,0,0
505935,0,0,0,0,0,0
505925,0,0,0,0,0,0
505930,0,0,0,0,0,0
511713,0,0,0,0,0,0
505790,0,0,0,0,0,0
509626,0,0,0,0,0,0
505808,0,0,0,0,0,0
505792,0,0,0,0,0,0
507941,0,0,0,0,0,0
507132,0,0,0,0,0,0
505787,0,0,0,0,0,0
507940,0,0,0,0,0,0
509627,0,0,0,0,0,0
508285,0,0,0,0,0,0
509300,0,0,0,0,0,0
509301,0,0,0,0,0,0
511888,0,0,0,0,0,0
505793,0,0,0,0,0,0
505789,0,0,0,0,0,0
505784,0,0,0,0,0,0
512195,0,0,0,0,0,0
505806,0,0,0,0,0,0
505800,0,0,0,0,0,0
505779,0,0,0,0,0,0
505781,0,0,0,0,0,0
505782,0,0,0,0,0,0
507131,0,0,0,0,0,0
505788,0,0,0,0,0,0
507944,0,0,0,0,0,0
515461,0,0,0,0,0,0
515459,0,0,0,0,0,0
515462,0,0,0,0,0,0
515458,0,0,0,0,0,0
505794,0,0,0,0,0,0
511715,0,0,0,0,0,0
505798,0,0,0,0,0,0
515712,0,0,0,0,0,0
515713,0,0,0,0,0,0
515715,0,0,0,0,0,0
515717,0,0,0,0,0,0
516708,0,0,0,0,0,0
515714,0,0,0,0,0,0
515716,0,0,0,0,0,0
515732,0,0,0,0,0,0
516709,0,0,0,0,0,0
516417,0,0,0,0,0,0
505870,0,0,0,0,0,0
516015,0,0,0,0,0,0
505862,0,0,0,0,0,0
505876,0,0,0,0,0,0
505880,0,0,0,0,0,0
505861,0,0,0,0,0,0
513354,0,0,0,0,0,0
516016,0,0,0,0,0,0
512731,0,0,0,0,0,0
514006,0,0,0,0,0,0
507136,0,0,0,0,0,0
513351,0,0,0,0,0,0
512728,0,0,0,0,0,0
512942,0,0,0,0,0,0
505857,0,0,0,0,0,0
505860,0,0,0,0,0,0
505873,0,0,0,0,0,0
505864,0,0,0,0,0,0
515125,0,0,0,0,0,0
505890,0,0,0,0,0,0
505879,0,0,0,0,0,0
513350,0,0,0,0,0,0
509051,0,0,0,0,0,0
505881,0,0,0,0,0,0
515315,0,0,0,0,0,0
505825,0,0,0,0,0,0
515117,0,0,0,0,0,0
505822,0,0,0,0,0,0
505835,0,0,0,0,0,0
505837,0,0,0,0,0,0
505821,0,0,0,0,0,0
513449,0,0,0,0,0,0
513452,0,0,0,0,0,0
515965,0,0,0,0,0,0
514005,0,0,0,0,0,0
513447,0,0,0,0,0,0
513328,0,0,0,0,0,0
513450,0,0,0,0,0,0
512724,0,0,0,0,0,0
512941,0,0,0,0,0,0
505818,0,0,0,0,0,0
505819,0,0,0,0,0,0
505834,0,0,0,0,0,0
505829,0,0,0,0,0,0
515130,0,0,0,0,0,0
507900,0,0,0,0,0,0
505848,0,0,0,0,0,0
513448,0,0,0,0,0,0
509050,0,0,0,0,0,0
513451,0,0,0,0,0,0
508706,0,0,0,0,0,0
512123,0,0,0,0,0,0
512124,0,0,0,0,0,0
512125,0,0,0,0,0,0
512126,0,0,0,0,0,0
512127,0,0,0,0,0,0
512128,0,0,0,0,0,0
512129,0,0,0,0,0,0
512130,0,0,0,0,0,0
513737,0,0,0,0,0,0
510782,0,0,0,0,0,0
510770,0,0,0,0,0,0
510775,0,0,0,0,0,0
510768,0,0,0,0,0,0
510767,0,0,0,0,0,0
510786,0,0,0,0,0,0
510790,0,0,0,0,0,0
510776,0,0,0,0,0,0
510797,0,0,0,0,0,0
510780,0,0,0,0,0,0
510778,0,0,0,0,0,0
510788,0,0,0,0,0,0
510796,0,0,0,0,0,0
510792,0,0,0,0,0,0
510793,0,0,0,0,0,0
510795,0,0,0,0,0,0
510794,0,0,0,0,0,0
510785,0,0,0,0,0,0
510774,0,0,0,0,0,0
510764,0,0,0,0,0,0
510765,0,0,0,0,0,0
510781,0,0,0,0,0,0
510787,0,0,0,0,0,0
510798,0,0,0,0,0,0
510799,0,0,0,0,0,0
513734,0,0,0,0,0,0
510784,0,0,0,0,0,0
510783,0,0,0,0,0,0
510771,0,0,0,0,0,0
516169,0,0,0,0,0,0
510772,0,0,0,0,0,0
510789,0,0,0,0,0,0
510777,0,0,0,0,0,0
510848,0,0,0,0,0,0
510024,0,0,0,0,0,0
510031,0,0,0,0,0,0
510006,0,0,0,0,0,0
508248,0,0,0,0,0,0
510018,0,0,0,0,0,0
511906,0,0,0,0,0,0
511907,0,0,0,0,0,0
511908,0,0,0,0,0,0
511909,0,0,0,0,0,0
511910,0,0,0,0,0,0
511911,0,0,0,0,0,0
511912,0,0,0,0,0,0
511913,0,0,0,0,0,0
509092,0,0,0,0,0,0
513736,0,0,0,0,0,0
509091,0,0,0,0,0,0
513735,0,0,0,0,0,0
508242,0,0,0,0,0,0
508281,0,0,0,0,0,0
508275,0,0,0,0,0,0
510070,0,0,0,0,0,0
509100,0,0,0,0,0,0
510080,0,0,0,0,0,0
510028,0,0,0,0,0,0
513727,0,0,0,0,0,0
508243,0,0,0,0,0,0
510019,0,0,0,0,0,0
508277,0,0,0,0,0,0
510022,0,0,0,0,0,0
510020,0,0,0,0,0,0
508245,0,0,0,0,0,0
508247,0,0,0,0,0,0
509099,0,0,0,0,0,0
509098,0,0,0,0,0,0
510074,0,0,0,0,0,0
510032,0,0,0,0,0,0
510000,0,0,0,0,0,0
510036,0,0,0,0,0,0
510005,0,0,0,0,0,0
510035,0,0,0,0,0,0
510008,0,0,0,0,0,0
510033,0,0,0,0,0,0
510034,0,0,0,0,0,0
512025,0,0,0,0,0,0
508279,0,0,0,0,0,0
510077,0,0,0,0,0,0
509097,0,0,0,0,0,0
511727,0,0,0,0,0,0
510023,0,0,0,0,0,0
510037,0,0,0,0,0,0
510007,0,0,0,0,0,0
512024,0,0,0,0,0,0
508276,0,0,0,0,0,0
508357,0,0,0,0,0,0
509096,0,0,0,0,0,0
510071,0,0,0,0,0,0
508274,0,0,0,0,0,0
510072,0,0,0,0,0,0
509090,0,0,0,0,0,0
508244,0,0,0,0,0,0
513988,0,0,0,0,0,0
513989,0,0,0,0,0,0
513990,0,0,0,0,0,0
509502,0,0,0,0,0,0
509704,0,0,0,0,0,0
509702,0,0,0,0,0,0
509759,0,0,0,0,0,0
509762,0,0,0,0,0,0
509020,0,0,0,0,0,0
509758,0,0,0,0,0,0
509717,0,0,0,0,0,0
509029,0,0,0,0,0,0
509023,0,0,0,0,0,0
509723,0,0,0,0,0,0
509706,0,0,0,0,0,0
509724,0,0,0,0,0,0
509726,0,0,0,0,0,0
509708,0,0,0,0,0,0
509720,0,0,0,0,0,0
509707,0,0,0,0,0,0
509715,0,0,0,0,0,0
509025,0,0,0,0,0,0
508645,0,0,0,0,0,0
508946,0,0,0,0,0,0
508955,0,0,0,0,0,0
509500,0,0,0,0,0,0
509721,0,0,0,0,0,0
509714,0,0,0,0,0,0
509722,0,0,0,0,0,0
509705,0,0,0,0,0,0
509713,0,0,0,0,0,0
509725,0,0,0,0,0,0
509716,0,0,0,0,0,0
509727,0,0,0,0,0,0
509030,0,0,0,0,0,0
509703,0,0,0,0,0,0
508945,0,0,0,0,0,0
509711,0,0,0,0,0,0
509718,0,0,0,0,0,0
509710,0,0,0,0,0,0
508949,0,0,0,0,0,0
509719,0,0,0,0,0,0
508948,0,0,0,0,0,0
512442,0,0,0,0,0,0
512443,0,0,0,0,0,0
512444,0,0,0,0,0,0
509701,0,0,0,0,0,0
508950,0,0,0,0,0,0
509709,0,0,0,0,0,0
509495,0,0,0,0,0,0
509760,0,0,0,0,0,0
508953,0,0,0,0,0,0
508644,0,0,0,0,0,0
509712,0,0,0,0,0,0
515150,0,0,0,0,0,0
508957,0,0,0,0,0,0
508643,0,0,0,0,0,0
509761,0,0,0,0,0,0
509882,0,0,0,0,0,0
508947,0,0,0,0,0,0
508956,0,0,0,0,0,0
509024,0,0,0,0,0,0
509501,0,0,0,0,0,0
508288,0,0,0,0,0,0
508300,0,0,0,0,0,0
508292,0,0,0,0,0,0
508303,0,0,0,0,0,0
508308,0,0,0,0,0,0
508304,0,0,0,0,0,0
508312,0,0,0,0,0,0
509905,0,0,0,0,0,0
508293,0,0,0,0,0,0
508302,0,0,0,0,0,0
508318,0,0,0,0,0,0
508290,0,0,0,0,0,0
508307,0,0,0,0,0,0
508289,0,0,0,0,0,0
508315,0,0,0,0,0,0
508316,0,0,0,0,0,0
508310,0,0,0,0,0,0
508321,0,0,0,0,0,0
512797,0,0,0,0,0,0
512798,0,0,0,0,0,0
508305,0,0,0,0,0,0
508320,0,0,0,0,0,0
509860,0,0,0,0,0,0
508328,0,0,0,0,0,0
508323,0,0,0,0,0,0
508319,0,0,0,0,0,0
509904,0,0,0,0,0,0
508309,0,0,0,0,0,0
508306,0,0,0,0,0,0
508291,0,0,0,0,0,0
508301,0,0,0,0,0,0
508314,0,0,0,0,0,0
508317,0,0,0,0,0,0
508295,0,0,0,0,0,0
508327,0,0,0,0,0,0
508311,0,0,0,0,0,0
513603,0,0,0,0,0,0
515257,0,0,0,0,0,0
513573,0,0,0,0,0,0
513587,0,0,0,0,0,0
513575,0,0,0,0,0,0
514289,0,0,0,0,0,0
514292,0,0,0,0,0,0
513577,0,0,0,0,0,0
515258,0,0,0,0,0,0
515259,0,0,0,0,0,0
513588,0,0,0,0,0,0
513589,0,0,0,0,0,0
513586,0,0,0,0,0,0
513590,0,0,0,0,0,0
513584,0,0,0,0,0,0
504003,0,0,0,0,0,0
514287,0,0,0,0,0,0
504005,0,0,0,0,0,0
504006,0,0,0,0,0,0
504007,0,0,0,0,0,0
512801,0,0,0,0,0,0
513477,0,0,0,0,0,0
504009,0,0,0,0,0,0
504128,0,0,0,0,0,0
504010,0,0,0,0,0,0
504011,0,0,0,0,0,0
504012,0,0,0,0,0,0
504013,0,0,0,0,0,0
504015,0,0,0,0,0,0
514416,0,0,0,0,0,0
504017,0,0,0,0,0,0
504019,0,0,0,0,0,0
508670,0,0,0,0,0,0
504020,0,0,0,0,0,0
504021,0,0,0,0,0,0
504022,0,0,0,0,0,0
513630,0,0,0,0,0,0
513484,0,0,0,0,0,0
504023,0,0,0,0,0,0
504028,0,0,0,0,0,0
504029,0,0,0,0,0,0
504053,0,0,0,0,0,0
504030,0,0,0,0,0,0
512799,0,0,0,0,0,0
504032,0,0,0,0,0,0
511158,0,0,0,0,0,0
504025,0,0,0,0,0,0
504031,0,0,0,0,0,0
511157,0,0,0,0,0,0
513486,0,0,0,0,0,0
508665,0,0,0,0,0,0
504034,0,0,0,0,0,0
516017,0,0,0,0,0,0
504036,0,0,0,0,0,0
504037,0,0,0,0,0,0
504038,0,0,0,0,0,0
514288,0,0,0,0,0,0
511159,0,0,0,0,0,0
504039,0,0,0,0,0,0
504040,0,0,0,0,0,0
509505,0,0,0,0,0,0
504051,0,0,0,0,0,0
505032,0,0,0,0,0,0
504052,0,0,0,0,0,0
504057,0,0,0,0,0,0
504058,0,0,0,0,0,0
505320,0,0,0,0,0,0
504062,0,0,0,0,0,0
504063,0,0,0,0,0,0
504066,0,0,0,0,0,0
504067,0,0,0,0,0,0
504069,0,0,0,0,0,0
504070,0,0,0,0,0,0
504073,0,0,0,0,0,0
504076,0,0,0,0,0,0
504078,0,0,0,0,0,0
504129,0,0,0,0,0,0
516018,0,0,0,0,0,0
513488,0,0,0,0,0,0
504080,0,0,0,0,0,0
504081,0,0,0,0,0,0
504082,0,0,0,0,0,0
504083,0,0,0,0,0,0
504086,0,0,0,0,0,0
504131,0,0,0,0,0,0
504132,0,0,0,0,0,0
504087,0,0,0,0,0,0
504088,0,0,0,0,0,0
512816,0,0,0,0,0,0
504090,0,0,0,0,0,0
513765,0,0,0,0,0,0
504092,0,0,0,0,0,0
504094,0,0,0,0,0,0
504134,0,0,0,0,0,0
504097,0,0,0,0,0,0
504098,0,0,0,0,0,0
504099,0,0,0,0,0,0
504102,0,0,0,0,0,0
504103,0,0,0,0,0,0
504100,0,0,0,0,0,0
504105,0,0,0,0,0,0
504109,0,0,0,0,0,0
504110,0,0,0,0,0,0
504111,0,0,0,0,0,0
512910,0,0,0,0,0,0
507664,0,0,0,0,0,0
515314,0,0,0,0,0,0
507684,0,0,0,0,0,0
507669,0,0,0,0,0,0
514251,0,0,0,0,0,0
507689,0,0,0,0,0,0
508818,0,0,0,0,0,0
507667,0,0,0,0,0,0
507687,0,0,0,0,0,0
511049,0,0,0,0,0,0
509648,0,0,0,0,0,0
507676,0,0,0,0,0,0
507698,0,0,0,0,0,0
507675,0,0,0,0,0,0
507683,0,0,0,0,0,0
507666,0,0,0,0,0,0
507668,0,0,0,0,0,0
507701,0,0,0,0,0,0
507700,0,0,0,0,0,0
507695,0,0,0,0,0,0
512899,0,0,0,0,0,0
512898,0,0,0,0,0,0
514257,0,0,0,0,0,0
510942,0,0,0,0,0,0
514260,0,0,0,0,0,0
507680,0,0,0,0,0,0
507691,0,0,0,0,0,0
511736,0,0,0,0,0,0
507681,0,0,0,0,0,0
507703,0,0,0,0,0,0
514285,0,0,0,0,0,0
507673,0,0,0,0,0,0
507692,0,0,0,0,0,0
509490,0,0,0,0,0,0
514258,0,0,0,0,0,0
509491,0,0,0,0,0,0
511051,0,0,0,0,0,0
508819,0,0,0,0,0,0
510941,0,0,0,0,0,0
507679,0,0,0,0,0,0
513795,0,0,0,0,0,0
513796,0,0,0,0,0,0
513794,0,0,0,0,0,0
513793,0,0,0,0,0,0
510943,0,0,0,0,0,0
507677,0,0,0,0,0,0
507697,0,0,0,0,0,0
507682,0,0,0,0,0,0
509692,0,0,0,0,0,0
507702,0,0,0,0,0,0
511050,0,0,0,0,0,0
507708,0,0,0,0,0,0
507709,0,0,0,0,0,0
507690,0,0,0,0,0,0
507722,0,0,0,0,0,0
507730,0,0,0,0,0,0
507748,0,0,0,0,0,0
507719,0,0,0,0,0,0
514234,0,0,0,0,0,0
507725,0,0,0,0,0,0
508821,0,0,0,0,0,0
507749,0,0,0,0,0,0
514231,0,0,0,0,0,0
507750,0,0,0,0,0,0
507737,0,0,0,0,0,0
507731,0,0,0,0,0,0
507735,0,0,0,0,0,0
507727,0,0,0,0,0,0
507718,0,0,0,0,0,0
507721,0,0,0,0,0,0
507726,0,0,0,0,0,0
507751,0,0,0,0,0,0
507752,0,0,0,0,0,0
507753,0,0,0,0,0,0
507733,0,0,0,0,0,0
507713,0,0,0,0,0,0
508822,0,0,0,0,0,0
507732,0,0,0,0,0,0
507754,0,0,0,0,0,0
507736,0,0,0,0,0,0
507755,0,0,0,0,0,0
508820,0,0,0,0,0,0
507712,0,0,0,0,0,0
514233,0,0,0,0,0,0
507756,0,0,0,0,0,0
507758,0,0,0,0,0,0
507729,0,0,0,0,0,0
513799,0,0,0,0,0,0
513800,0,0,0,0,0,0
513798,0,0,0,0,0,0
513797,0,0,0,0,0,0
509492,0,0,0,0,0,0
507757,0,0,0,0,0,0
514255,0,0,0,0,0,0
514254,0,0,0,0,0,0
507734,0,0,0,0,0,0
507740,0,0,0,0,0,0
507759,0,0,0,0,0,0
507738,0,0,0,0,0,0
507747,0,0,0,0,0,0
507741,0,0,0,0,0,0
510976,0,0,0,0,0,0
507746,0,0,0,0,0,0
515079,0,0,0,0,0,0
514135,0,0,0,0,0,0
512634,0,0,0,0,0,0
510030,0,0,0,0,0,0
506272,0,0,0,0,0,0
514137,0,0,0,0,0,0
508661,0,0,0,0,0,0
508663,0,0,0,0,0,0
508662,0,0,0,0,0,0
507761,0,0,0,0,0,0
515078,0,0,0,0,0,0
506280,0,0,0,0,0,0
511668,0,0,0,0,0,0
510313,0,0,0,0,0,0
512635,0,0,0,0,0,0
516161,0,0,0,0,0,0
506283,0,0,0,0,0,0
506287,0,0,0,0,0,0
510307,0,0,0,0,0,0
506295,0,0,0,0,0,0
506296,0,0,0,0,0,0
514333,0,0,0,0,0,0
514332,0,0,0,0,0,0
514330,0,0,0,0,0,0
514337,0,0,0,0,0,0
515267,0,0,0,0,0,0
515268,0,0,0,0,0,0
515273,0,0,0,0,0,0
515270,0,0,0,0,0,0
515271,0,0,0,0,0,0
510069,0,0,0,0,0,0
515272,0,0,0,0,0,0
516404,0,0,0,0,0,0
516403,0,0,0,0,0,0
516405,0,0,0,0,0,0
515269,0,0,0,0,0,0
510043,0,0,0,0,0,0
506551,0,0,0,0,0,0
515274,0,0,0,0,0,0
512828,0,0,0,0,0,0
510054,0,0,0,0,0,0
513567,0,0,0,0,0,0
510040,0,0,0,0,0,0
512825,0,0,0,0,0,0
515264,0,0,0,0,0,0
515265,0,0,0,0,0,0
515276,0,0,0,0,0,0
515275,0,0,0,0,0,0
515266,0,0,0,0,0,0
510053,0,0,0,0,0,0
514709,0,0,0,0,0,0
514703,0,0,0,0,0,0
514701,0,0,0,0,0,0
514716,0,0,0,0,0,0
514717,0,0,0,0,0,0
514699,0,0,0,0,0,0
514711,0,0,0,0,0,0
514712,0,0,0,0,0,0
514706,0,0,0,0,0,0
514705,0,0,0,0,0,0
514704,0,0,0,0,0,0
514708,0,0,0,0,0,0
514707,0,0,0,0,0,0
514710,0,0,0,0,0,0
514714,0,0,0,0,0,0
514715,0,0,0,0,0,0
514702,0,0,0,0,0,0
514185,0,0,0,0,0,0
514186,0,0,0,0,0,0
514203,0,0,0,0,0,0
508570,0,0,0,0,0,0
514183,0,0,0,0,0,0
515277,0,0,0,0,0,0
510143,0,0,0,0,0,0
510141,0,0,0,0,0,0
510142,0,0,0,0,0,0
514182,0,0,0,0,0,0
514202,0,0,0,0,0,0
511104,0,0,0,0,0,0
510144,0,0,0,0,0,0
512863,0,0,0,0,0,0
508578,0,0,0,0,0,0
511105,0,0,0,0,0,0
514184,0,0,0,0,0,0
511630,0,0,0,0,0,0
509510,0,0,0,0,0,0
511732,0,0,0,0,0,0
511005,0,0,0,0,0,0
511007,0,0,0,0,0,0
506928,0,0,0,0,0,0
513624,0,0,0,0,0,0
513629,0,0,0,0,0,0
513628,0,0,0,0,0,0
513627,0,0,0,0,0,0
506932,0,0,0,0,0,0
513671,0,0,0,0,0,0
509507,0,0,0,0,0,0
511625,0,0,0,0,0,0
511628,0,0,0,0,0,0
511734,0,0,0,0,0,0
511002,0,0,0,0,0,0
514158,0,0,0,0,0,0
508646,0,0,0,0,0,0
506934,0,0,0,0,0,0
515669,0,0,0,0,0,0
515675,0,0,0,0,0,0
515668,0,0,0,0,0,0
515670,0,0,0,0,0,0
515673,0,0,0,0,0,0
515672,0,0,0,0,0,0
515666,0,0,0,0,0,0
515667,0,0,0,0,0,0
515665,0,0,0,0,0,0
515671,0,0,0,0,0,0
515674,0,0,0,0,0,0
511498,0,0,0,0,0,0
512528,0,0,0,0,0,0
507100,0,0,0,0,0,0
512529,0,0,0,0,0,0
516024,0,0,0,0,0,0
515959,0,0,0,0,0,0
513261,0,0,0,0,0,0
506841,0,0,0,0,0,0
514121,0,0,0,0,0,0
510322,0,0,0,0,0,0
514126,0,0,0,0,0,0
510346,0,0,0,0,0,0
506849,0,0,0,0,0,0
511506,0,0,0,0,0,0
508228,0,0,0,0,0,0
514122,0,0,0,0,0,0
515960,0,0,0,0,0,0
510321,0,0,0,0,0,0
510317,0,0,0,0,0,0
514127,0,0,0,0,0,0
514129,0,0,0,0,0,0
514125,0,0,0,0,0,0
514128,0,0,0,0,0,0
514123,0,0,0,0,0,0
508166,0,0,0,0,0,0
512175,0,0,0,0,0,0
506941,0,0,0,0,0,0
512862,0,0,0,0,0,0
512904,0,0,0,0,0,0
512903,0,0,0,0,0,0
512177,0,0,0,0,0,0
506942,0,0,0,0,0,0
511501,0,0,0,0,0,0
509907,0,0,0,0,0,0
509908,0,0,0,0,0,0
513644,0,0,0,0,0,0
506938,0,0,0,0,0,0
506951,0,0,0,0,0,0
506946,0,0,0,0,0,0
516085,0,0,0,0,0,0
506939,0,0,0,0,0,0
506940,0,0,0,0,0,0
506954,0,0,0,0,0,0
509494,0,0,0,0,0,0
506943,0,0,0,0,0,0
513387,0,0,0,0,0,0
513378,0,0,0,0,0,0
513621,0,0,0,0,0,0
513373,0,0,0,0,0,0
513381,0,0,0,0,0,0
513384,0,0,0,0,0,0
513385,0,0,0,0,0,0
513374,0,0,0,0,0,0
513372,0,0,0,0,0,0
513375,0,0,0,0,0,0
513376,0,0,0,0,0,0
513622,0,0,0,0,0,0
513390,0,0,0,0,0,0
513388,0,0,0,0,0,0
515311,0,0,0,0,0,0
514423,0,0,0,0,0,0
515151,0,0,0,0,0,0
513389,0,0,0,0,0,0
513383,0,0,0,0,0,0
513386,0,0,0,0,0,0
507484,0,0,0,0,0,0
516303,0,0,0,0,0,0
511857,0,0,0,0,0,0
511856,0,0,0,0,0,0
516302,0,0,0,0,0,0
510951,0,0,0,0,0,0
516305,0,0,0,0,0,0
516304,0,0,0,0,0,0
511853,0,0,0,0,0,0
511855,0,0,0,0,0,0
511852,0,0,0,0,0,0
507499,0,0,0,0,0,0
507505,0,0,0,0,0,0
515255,0,0,0,0,0,0
511872,0,0,0,0,0,0
511858,0,0,0,0,0,0
514611,0,0,0,0,0,0
514624,0,0,0,0,0,0
514609,0,0,0,0,0,0
514608,0,0,0,0,0,0
514605,0,0,0,0,0,0
514639,0,0,0,0,0,0
514627,0,0,0,0,0,0
514635,0,0,0,0,0,0
514638,0,0,0,0,0,0
514633,0,0,0,0,0,0
514626,0,0,0,0,0,0
514610,0,0,0,0,0,0
514628,0,0,0,0,0,0
514607,0,0,0,0,0,0
514598,0,0,0,0,0,0
514602,0,0,0,0,0,0
514625,0,0,0,0,0,0
514636,0,0,0,0,0,0
514620,0,0,0,0,0,0
514600,0,0,0,0,0,0
514622,0,0,0,0,0,0
514618,0,0,0,0,0,0
514631,0,0,0,0,0,0
514596,0,0,0,0,0,0
514629,0,0,0,0,0,0
514603,0,0,0,0,0,0
514606,0,0,0,0,0,0
514604,0,0,0,0,0,0
514637,0,0,0,0,0,0
513482,0,0,0,0,0,0
513474,0,0,0,0,0,0
513501,0,0,0,0,0,0
513508,0,0,0,0,0,0
513507,0,0,0,0,0,0
513473,0,0,0,0,0,0
514206,0,0,0,0,0,0
514205,0,0,0,0,0,0
513506,0,0,0,0,0,0
513475,0,0,0,0,0,0
514204,0,0,0,0,0,0
513510,0,0,0,0,0,0
513509,0,0,0,0,0,0
513494,0,0,0,0,0,0
513489,0,0,0,0,0,0
513496,0,0,0,0,0,0
513498,0,0,0,0,0,0
513497,0,0,0,0,0,0
513479,0,0,0,0,0,0
513481,0,0,0,0,0,0
513500,0,0,0,0,0,0
513480,0,0,0,0,0,0
513504,0,0,0,0,0,0
513499,0,0,0,0,0,0
513472,0,0,0,0,0,0
513503,0,0,0,0,0,0
513487,0,0,0,0,0,0
513485,0,0,0,0,0,0
515208,0,0,0,0,0,0
512690,0,0,0,0,0,0
507314,0,0,0,0,0,0
507315,0,0,0,0,0,0
512688,0,0,0,0,0,0
508513,0,0,0,0,0,0
508894,0,0,0,0,0,0
507318,0,0,0,0,0,0
507319,0,0,0,0,0,0
509873,0,0,0,0,0,0
511735,0,0,0,0,0,0
507320,0,0,0,0,0,0
507321,0,0,0,0,0,0
512689,0,0,0,0,0,0
507324,0,0,0,0,0,0
507325,0,0,0,0,0,0
512691,0,0,0,0,0,0
512694,0,0,0,0,0,0
512695,0,0,0,0,0,0
507327,0,0,0,0,0,0
512687,0,0,0,0,0,0
507338,0,0,0,0,0,0
512693,0,0,0,0,0,0
507331,0,0,0,0,0,0
507332,0,0,0,0,0,0
507333,0,0,0,0,0,0
507334,0,0,0,0,0,0
512696,0,0,0,0,0,0
512697,0,0,0,0,0,0
514684,0,0,0,0,0,0
514692,0,0,0,0,0,0
514721,0,0,0,0,0,0
514694,0,0,0,0,0,0
514722,0,0,0,0,0,0
514695,0,0,0,0,0,0
514696,0,0,0,0,0,0
514687,0,0,0,0,0,0
514690,0,0,0,0,0,0
514685,0,0,0,0,0,0
514683,0,0,0,0,0,0
514693,0,0,0,0,0,0
514698,0,0,0,0,0,0
514688,0,0,0,0,0,0
514686,0,0,0,0,0,0
514691,0,0,0,0,0,0
514689,0,0,0,0,0,0
514673,0,0,0,0,0,0
514682,0,0,0,0,0,0
514723,0,0,0,0,0,0
514697,0,0,0,0,0,0
514724,0,0,0,0,0,0
515615,0,0,0,0,0,0
515614,0,0,0,0,0,0
515611,0,0,0,0,0,0
515618,0,0,0,0,0,0
515619,0,0,0,0,0,0
515620,0,0,0,0,0,0
515616,0,0,0,0,0,0
515612,0,0,0,0,0,0
515613,0,0,0,0,0,0
515617,0,0,0,0,0,0
511962,0,0,0,0,0,0
511961,0,0,0,0,0,0
511965,0,0,0,0,0,0
511973,0,0,0,0,0,0
511960,0,0,0,0,0,0
511959,0,0,0,0,0,0
511963,0,0,0,0,0,0
511967,0,0,0,0,0,0
511958,0,0,0,0,0,0
511966,0,0,0,0,0,0
511968,0,0,0,0,0,0
511972,0,0,0,0,0,0
511969,0,0,0,0,0,0
511964,0,0,0,0,0,0
511971,0,0,0,0,0,0
511970,0,0,0,0,0,0
510873,0,0,0,0,0,0
511829,0,0,0,0,0,0
507421,0,0,0,0,0,0
512913,0,0,0,0,0,0
512673,0,0,0,0,0,0
512666,0,0,0,0,0,0
514145,0,0,0,0,0,0
513338,0,0,0,0,0,0
514146,0,0,0,0,0,0
507408,0,0,0,0,0,0
516038,0,0,0,0,0,0
516048,0,0,0,0,0,0
512654,0,0,0,0,0,0
512906,0,0,0,0,0,0
512675,0,0,0,0,0,0
512905,0,0,0,0,0,0
512674,0,0,0,0,0,0
506774,0,0,0,0,0,0
512909,0,0,0,0,0,0
512678,0,0,0,0,0,0
512908,0,0,0,0,0,0
512677,0,0,0,0,0,0
512907,0,0,0,0,0,0
507416,0,0,0,0,0,0
512676,0,0,0,0,0,0
510898,0,0,0,0,0,0
506794,0,0,0,0,0,0
507013,0,0,0,0,0,0
507011,0,0,0,0,0,0
512659,0,0,0,0,0,0
512658,0,0,0,0,0,0
512664,0,0,0,0,0,0
512661,0,0,0,0,0,0
512669,0,0,0,0,0,0
512668,0,0,0,0,0,0
512672,0,0,0,0,0,0
512671,0,0,0,0,0,0
512670,0,0,0,0,0,0
512660,0,0,0,0,0,0
506776,0,0,0,0,0,0
507396,0,0,0,0,0,0
506775,0,0,0,0,0,0
507397,0,0,0,0,0,0
506779,0,0,0,0,0,0
507399,0,0,0,0,0,0
506778,0,0,0,0,0,0
507400,0,0,0,0,0,0
506777,0,0,0,0,0,0
507401,0,0,0,0,0,0
506795,0,0,0,0,0,0
507409,0,0,0,0,0,0
516050,0,0,0,0,0,0
506796,0,0,0,0,0,0
512655,0,0,0,0,0,0
508229,0,0,0,0,0,0
506791,0,0,0,0,0,0
511830,0,0,0,0,0,0
508230,0,0,0,0,0,0
513123,0,0,0,0,0,0
513138,0,0,0,0,0,0
513113,0,0,0,0,0,0
513119,0,0,0,0,0,0
513120,0,0,0,0,0,0
513118,0,0,0,0,0,0
513117,0,0,0,0,0,0
513127,0,0,0,0,0,0
513131,0,0,0,0,0,0
513115,0,0,0,0,0,0
513128,0,0,0,0,0,0
513122,0,0,0,0,0,0
513137,0,0,0,0,0,0
513121,0,0,0,0,0,0
513132,0,0,0,0,0,0
513114,0,0,0,0,0,0
513124,0,0,0,0,0,0
513129,0,0,0,0,0,0
513125,0,0,0,0,0,0
513126,0,0,0,0,0,0
515992,0,0,0,0,0,0
515993,0,0,0,0,0,0
508155,0,0,0,0,0,0
513345,0,0,0,0,0,0
513346,0,0,0,0,0,0
515989,0,0,0,0,0,0
515990,0,0,0,0,0,0
515988,0,0,0,0,0,0
510985,0,0,0,0,0,0
508159,0,0,0,0,0,0
512775,0,0,0,0,0,0
508165,0,0,0,0,0,0
515991,0,0,0,0,0,0
511533,0,0,0,0,0,0
513319,0,0,0,0,0,0
515218,0,0,0,0,0,0
511532,0,0,0,0,0,0
508164,0,0,0,0,0,0
512776,0,0,0,0,0,0
511531,0,0,0,0,0,0
508149,0,0,0,0,0,0
515129,0,0,0,0,0,0
511885,0,0,0,0,0,0
508046,0,0,0,0,0,0
508733,0,0,0,0,0,0
508038,0,0,0,0,0,0
512865,0,0,0,0,0,0
508039,0,0,0,0,0,0
508047,0,0,0,0,0,0
509970,0,0,0,0,0,0
512190,0,0,0,0,0,0
516086,0,0,0,0,0,0
512192,0,0,0,0,0,0
508057,0,0,0,0,0,0
512864,0,0,0,0,0,0
512202,0,0,0,0,0,0
512189,0,0,0,0,0,0
508042,0,0,0,0,0,0
515126,0,0,0,0,0,0
514354,0,0,0,0,0,0
512867,0,0,0,0,0,0
512194,0,0,0,0,0,0
509969,0,0,0,0,0,0
515128,0,0,0,0,0,0
512866,0,0,0,0,0,0
508058,0,0,0,0,0,0
511886,0,0,0,0,0,0
509061,0,0,0,0,0,0
515127,0,0,0,0,0,0
508050,0,0,0,0,0,0
512191,0,0,0,0,0,0
516160,0,0,0,0,0,0
511891,0,0,0,0,0,0
515144,0,0,0,0,0,0
513463,0,0,0,0,0,0
515131,0,0,0,0,0,0
515134,0,0,0,0,0,0
512139,0,0,0,0,0,0
512136,0,0,0,0,0,0
513426,0,0,0,0,0,0
512897,0,0,0,0,0,0
515132,0,0,0,0,0,0
514312,0,0,0,0,0,0
514307,0,0,0,0,0,0
513462,0,0,0,0,0,0
513453,0,0,0,0,0,0
515140,0,0,0,0,0,0
513459,0,0,0,0,0,0
513461,0,0,0,0,0,0
515138,0,0,0,0,0,0
511815,0,0,0,0,0,0
513445,0,0,0,0,0,0
515154,0,0,0,0,0,0
515153,0,0,0,0,0,0
509540,0,0,0,0,0,0
505949,0,0,0,0,0,0
515137,0,0,0,0,0,0
513464,0,0,0,0,0,0
516342,0,0,0,0,0,0
514308,0,0,0,0,0,0
515135,0,0,0,0,0,0
515136,0,0,0,0,0,0
515155,0,0,0,0,0,0
515139,0,0,0,0,0,0
515133,0,0,0,0,0,0
513465,0,0,0,0,0,0
509536,0,0,0,0,0,0
513427,0,0,0,0,0,0
513423,0,0,0,0,0,0
512135,0,0,0,0,0,0
516343,0,0,0,0,0,0
515156,0,0,0,0,0,0
512329,0,0,0,0,0,0
509999,0,0,0,0,0,0
505963,0,0,0,0,0,0
515163,0,0,0,0,0,0
510001,0,0,0,0,0,0
508035,0,0,0,0,0,0
505964,0,0,0,0,0,0
508036,0,0,0,0,0,0
507176,0,0,0,0,0,0
511889,0,0,0,0,0,0
512833,0,0,0,0,0,0
509994,0,0,0,0,0,0
509997,0,0,0,0,0,0
515162,0,0,0,0,0,0
505966,0,0,0,0,0,0
511875,0,0,0,0,0,0
516103,0,0,0,0,0,0
512834,0,0,0,0,0,0
509998,0,0,0,0,0,0
512199,0,0,0,0,0,0
508061,0,0,0,0,0,0
515093,0,0,0,0,0,0
508062,0,0,0,0,0,0
509616,0,0,0,0,0,0
515098,0,0,0,0,0,0
508068,0,0,0,0,0,0
508075,0,0,0,0,0,0
511721,0,0,0,0,0,0
511826,0,0,0,0,0,0
509615,0,0,0,0,0,0
508066,0,0,0,0,0,0
512206,0,0,0,0,0,0
515097,0,0,0,0,0,0
508071,0,0,0,0,0,0
515095,0,0,0,0,0,0
511730,0,0,0,0,0,0
509605,0,0,0,0,0,0
515099,0,0,0,0,0,0
508734,0,0,0,0,0,0
511722,0,0,0,0,0,0
513456,0,0,0,0,0,0
515094,0,0,0,0,0,0
508070,0,0,0,0,0,0
515316,0,0,0,0,0,0
515092,0,0,0,0,0,0
515096,0,0,0,0,0,0
511541,0,0,0,0,0,0
515975,0,0,0,0,0,0
515964,0,0,0,0,0,0
513325,0,0,0,0,0,0
515969,0,0,0,0,0,0
513347,0,0,0,0,0,0
511540,0,0,0,0,0,0
508121,0,0,0,0,0,0
515970,0,0,0,0,0,0
515973,0,0,0,0,0,0
509056,0,0,0,0,0,0
512760,0,0,0,0,0,0
512751,0,0,0,0,0,0
508140,0,0,0,0,0,0
515972,0,0,0,0,0,0
515167,0,0,0,0,0,0
508142,0,0,0,0,0,0
515254,0,0,0,0,0,0
508130,0,0,0,0,0,0
508144,0,0,0,0,0,0
515215,0,0,0,0,0,0
508129,0,0,0,0,0,0
515967,0,0,0,0,0,0
515216,0,0,0,0,0,0
508141,0,0,0,0,0,0
513348,0,0,0,0,0,0
508801,0,0,0,0,0,0
512639,0,0,0,0,0,0
508124,0,0,0,0,0,0
508123,0,0,0,0,0,0
508143,0,0,0,0,0,0
515971,0,0,0,0,0,0
509924,0,0,0,0,0,0
508096,0,0,0,0,0,0
508082,0,0,0,0,0,0
509610,0,0,0,0,0,0
508731,0,0,0,0,0,0
508084,0,0,0,0,0,0
508091,0,0,0,0,0,0
508089,0,0,0,0,0,0
508097,0,0,0,0,0,0
514358,0,0,0,0,0,0
513563,0,0,0,0,0,0
509918,0,0,0,0,0,0
509926,0,0,0,0,0,0
509917,0,0,0,0,0,0
509916,0,0,0,0,0,0
508092,0,0,0,0,0,0
508094,0,0,0,0,0,0
508100,0,0,0,0,0,0
512653,0,0,0,0,0,0
509919,0,0,0,0,0,0
508093,0,0,0,0,0,0
516028,0,0,0,0,0,0
516040,0,0,0,0,0,0
516026,0,0,0,0,0,0
516029,0,0,0,0,0,0
516042,0,0,0,0,0,0
516030,0,0,0,0,0,0
516031,0,0,0,0,0,0
516027,0,0,0,0,0,0
507474,0,0,0,0,0,0
516070,0,0,0,0,0,0
509841,0,0,0,0,0,0
508169,0,0,0,0,0,0
512042,0,0,0,0,0,0
507516,0,0,0,0,0,0
513250,0,0,0,0,0,0
513455,0,0,0,0,0,0
509903,0,0,0,0,0,0
516071,0,0,0,0,0,0
512707,0,0,0,0,0,0
509901,0,0,0,0,0,0
511751,0,0,0,0,0,0
511683,0,0,0,0,0,0
510977,0,0,0,0,0,0
512715,0,0,0,0,0,0
511231,0,0,0,0,0,0
511233,0,0,0,0,0,0
513568,0,0,0,0,0,0
511227,0,0,0,0,0,0
511229,0,0,0,0,0,0
507519,0,0,0,0,0,0
514309,0,0,0,0,0,0
512713,0,0,0,0,0,0
511681,0,0,0,0,0,0
512716,0,0,0,0,0,0
511226,0,0,0,0,0,0
515110,0,0,0,0,0,0
511676,0,0,0,0,0,0
511750,0,0,0,0,0,0
507524,0,0,0,0,0,0
512711,0,1,0,0,0,0
515278,0,0,0,0,0,0
512761,0,0,0,0,0,0
515113,0,0,0,0,0,0
512712,0,0,0,0,0,0
511678,0,0,0,0,0,0
512749,0,0,0,0,0,0
508923,0,0,0,0,0,0
511682,0,0,0,0,0,0
511230,0,0,0,0,0,0
515111,0,0,0,0,0,0
510980,0,0,0,0,0,0
511693,0,0,0,0,0,0
509842,0,0,0,0,0,0
507760,0,0,0,0,0,0
509900,0,0,0,0,0,0
512703,0,0,0,0,0,0
509898,0,0,0,0,0,0
512714,0,0,0,0,0,0
512709,0,0,0,0,0,0
509839,0,0,0,0,0,0
509891,0,0,0,0,0,0
512708,0,0,0,0,0,0
515112,0,0,0,0,0,0
511677,0,0,0,0,0,0
516069,0,0,0,0,0,0
509902,0,0,0,0,0,0
512049,0,0,0,0,0,0
512050,0,0,0,0,0,0
513228,0,0,0,0,0,0
513231,0,0,0,0,0,0
513229,0,0,0,0,0,0
516034,0,0,0,0,0,0
516035,0,0,0,0,0,0
512619,0,0,0,0,0,0
513235,0,0,0,0,0,0
513232,0,0,0,0,0,0
513227,0,0,0,0,0,0
512610,0,0,0,0,0,0
514355,0,0,0,0,0,0
516406,0,0,0,0,0,0
514356,0,0,0,0,0,0
516408,0,0,0,0,0,0
514357,0,0,0,0,0,0
516407,0,0,0,0,0,0
513236,0,0,0,0,0,0
512627,0,0,0,0,0,0
512601,0,0,0,0,0,0
513237,0,0,0,0,0,0
513233,0,0,0,0,0,0
512626,0,0,0,0,0,0
512615,0,0,0,0,0,0
513230,0,0,0,0,0,0
514207,0,0,0,0,0,0
514212,0,0,0,0,0,0
514218,0,0,0,0,0,0
516306,0,0,0,0,0,0
514223,0,0,0,0,0,0
514219,0,0,0,0,0,0
514224,0,0,0,0,0,0
515080,0,0,0,0,0,0
514227,0,0,0,0,0,0
514226,0,0,0,0,0,0
514216,0,0,0,0,0,0
514220,0,0,0,0,0,0
514225,0,0,0,0,0,0
514208,0,0,0,0,0,0
514230,0,0,0,0,0,0
514217,0,0,0,0,0,0
514213,0,0,0,0,0,0
514214,0,0,0,0,0,0
514222,0,0,0,0,0,0
514228,0,0,0,0,0,0
508101,0,0,0,0,0,0
513549,0,0,0,0,0,0
511136,0,0,0,0,0,0
508732,0,0,0,0,0,0
508106,0,0,0,0,0,0
511134,0,0,0,0,0,0
508104,0,0,0,0,0,0
513561,0,0,0,0,0,0
509611,0,0,0,0,0,0
512157,0,0,0,0,0,0
513548,0,0,0,0,0,0
508109,0,0,0,0,0,0
509934,0,0,0,0,0,0
512158,0,0,0,0,0,0
509069,0,0,0,0,0,0
509933,0,0,0,0,0,0
508103,0,0,0,0,0,0
512727,0,0,0,0,0,0
512720,0,0,0,0,0,0
512722,0,0,0,0,0,0
515950,0,0,0,0,0,0
512736,0,0,0,0,0,0
512131,0,0,0,0,0,0
513318,0,0,0,0,0,0
507916,0,0,0,0,0,0
507917,0,0,0,0,0,0
507919,0,0,0,0,0,0
510249,0,0,0,0,0,0
507921,0,0,0,0,0,0
514199,0,0,0,0,0,0
512121,0,0,0,0,0,0
512133,0,0,0,0,0,0
508223,0,0,0,0,0,0
507925,0,0,0,0,0,0
507926,0,0,0,0,0,0
515951,0,0,0,0,0,0
512721,0,0,0,0,0,0
514197,0,0,0,0,0,0
507928,0,0,0,0,0,0
507929,0,0,0,0,0,0
507930,0,0,0,0,0,0
510254,0,0,0,0,0,0
515102,0,0,0,0,0,0
507931,0,0,0,0,0,0
507932,0,0,0,0,0,0
508619,0,0,0,0,0,0
506078,0,0,0,0,0,0
511516,0,0,0,0,0,0
509535,0,0,0,0,0,0
515181,0,0,0,0,0,0
510885,0,0,0,0,0,0
510886,0,0,0,0,0,0
506083,0,0,0,0,0,0
512555,0,0,0,0,0,0
515179,0,0,0,0,0,0
514296,0,0,0,0,0,0
506095,0,0,0,0,0,0
506096,0,0,0,0,0,0
506097,0,0,0,0,0,0
511700,0,0,0,0,0,0
511701,0,0,0,0,0,0
511702,0,0,0,0,0,0
506686,0,0,0,0,0,0
507197,0,0,0,0,0,0
506102,0,0,0,0,0,0
506103,0,0,0,0,0,0
506106,0,0,0,0,0,0
506104,0,0,0,0,0,0
506110,0,0,0,0,0,0
509855,0,0,0,0,0,0
506113,0,0,0,0,0,0
506115,0,0,0,0,0,0
515186,0,0,0,0,0,0
510889,0,0,0,0,0,0
506121,0,0,0,0,0,0
510888,0,0,0,0,0,0
506128,0,0,0,0,0,0
506133,0,0,0,0,0,0
506135,0,0,0,0,0,0
506136,0,0,0,0,0,0
515178,0,0,0,0,0,0
515180,0,0,0,0,0,0
512149,0,0,0,0,0,0
512196,0,0,0,0,0,0
506235,0,0,0,0,0,0
506237,0,0,0,0,0,0
506238,0,0,0,0,0,0
506239,0,0,0,0,0,0
508647,0,0,0,0,0,0
506244,0,0,0,0,0,0
506245,0,0,0,0,0,0
515256,0,0,0,0,0,0
514034,0,0,0,0,0,0
514033,0,0,0,0,0,0
510250,0,0,0,0,0,0
510251,0,0,0,0,0,0
512118,0,0,0,0,0,0
512117,0,0,0,0,0,0
506249,0,0,0,0,0,0
506253,0,0,0,0,0,0
514151,0,0,0,0,0,0
506254,0,0,0,0,0,0
506266,0,0,0,0,0,0
506256,0,0,0,0,0,0
506261,0,0,0,0,0,0
506262,0,0,0,0,0,0
506264,0,0,0,0,0,0
506265,0,0,0,0,0,0
506960,0,0,0,0,0,0
513401,0,0,0,0,0,0
513400,0,0,0,0,0,0
516348,0,0,0,0,0,0
515941,0,0,0,0,0,0
513404,0,0,0,0,0,0
512542,0,0,0,0,0,0
515947,0,0,0,0,0,0
513398,0,0,0,0,0,0
513520,0,0,0,0,0,0
512530,0,0,0,0,0,0
515209,0,0,0,0,0,0
513409,0,0,0,0,0,0
513411,0,0,0,0,0,0
515940,0,0,0,0,0,0
515944,0,0,0,0,0,0
509011,0,0,0,0,0,0
513408,0,0,0,0,0,0
513454,0,0,0,0,0,0
515942,0,0,0,0,0,0
515945,0,0,0,0,0,0
512769,0,0,0,0,0,0
513405,0,0,0,0,0,0
513403,0,0,0,0,0,0
512773,0,0,0,0,0,0
512772,0,0,0,0,0,0
512765,0,0,0,0,0,0
513406,0,0,0,0,0,0
513413,0,0,0,0,0,0
513412,0,0,0,0,0,0
513414,0,0,0,0,0,0
513402,0,0,0,0,0,0
512779,0,0,0,0,0,0
512770,0,0,0,0,0,0
516327,0,0,0,0,0,0
510094,0,0,0,0,0,0
513399,0,0,0,0,0,0
513524,0,0,0,0,0,0
513522,0,0,0,0,0,0
512768,0,0,0,0,0,0
512763,0,0,0,0,0,0
512767,0,0,0,0,0,0
512762,0,0,0,0,0,0
512771,0,0,0,0,0,0
515210,0,0,0,0,0,0
513407,0,0,0,0,0,0
506192,0,0,0,0,0,0
511819,0,0,0,0,0,0
512777,0,0,0,0,0,0
512774,0,0,0,0,0,0
512766,0,0,0,0,0,0
515217,0,0,0,0,0,0
513523,0,0,0,0,0,0
506195,0,0,0,0,0,0
513521,0,0,0,0,0,0
513396,0,0,0,0,0,0
515943,0,0,0,0,0,0
506198,0,0,0,0,0,0
510090,0,0,0,0,0,0
512764,0,0,0,0,0,0
506203,0,0,0,0,0,0
506204,0,0,0,0,0,0
512493,0,0,0,0,0,0
512480,0,0,0,0,0,0
512488,0,0,0,0,0,0
512492,0,0,0,0,0,0
512483,0,0,0,0,0,0
512491,0,0,0,0,0,0
512489,0,0,0,0,0,0
512495,0,0,0,0,0,0
514154,0,0,0,0,0,0
515961,0,0,0,0,0,0
512494,0,0,0,0,0,0
512482,0,0,0,0,0,0
512485,0,0,0,0,0,0
512519,0,0,0,0,0,0
512481,0,0,0,0,0,0
512486,0,0,0,0,0,0
512497,0,0,0,0,0,0
512487,0,0,0,0,0,0
512490,0,0,0,0,0,0
512496,0,0,0,0,0,0
510216,0,0,0,0,0,0
510208,0,0,0,0,0,0
511112,0,0,0,0,0,0
508562,0,0,0,0,0,0
512649,0,0,0,0,0,0
510213,0,0,0,0,0,0
510315,0,0,0,0,0,0
510210,0,0,0,0,0,0
512648,0,0,0,0,0,0
505373,0,0,0,0,0,0
516322,0,0,0,0,0,0
510921,0,0,0,0,0,0
513367,0,0,0,0,0,0
510204,0,0,0,0,0,0
505374,0,0,0,0,0,0
510206,0,0,0,0,0,0
510202,0,0,0,0,0,0
505375,0,0,0,0,0,0
510200,0,0,0,0,0,0
514180,0,0,0,0,0,0
510207,0,0,0,0,0,0
511106,0,0,0,0,0,0
513366,0,0,0,0,0,0
511107,0,0,0,0,0,0
510212,0,0,0,0,0,0
513428,0,0,0,0,0,0
512650,0,0,0,0,0,0
515313,0,0,0,0,0,0
510203,0,0,0,0,0,0
510217,0,0,0,0,0,0
505378,0,0,0,0,0,0
510211,0,0,0,0,0,0
510198,0,0,0,0,0,0
510209,0,0,0,0,0,0
512895,0,0,0,0,0,0
505390,0,0,0,0,0,0
510201,0,0,0,0,0,0
515312,0,0,0,0,0,0
510199,0,0,0,0,0,0
513371,0,0,0,0,0,0
514181,0,0,0,0,0,0
515687,0,0,0,0,0,0
515686,0,0,0,0,0,0
515705,0,0,0,0,0,0
515688,0,0,0,0,0,0
515691,0,0,0,0,0,0
515707,0,0,0,0,0,0
515708,0,0,0,0,0,0
515692,0,0,0,0,0,0
515690,0,0,0,0,0,0
515704,0,0,0,0,0,0
515689,0,0,0,0,0,0
515706,0,0,0,0,0,0
513356,0,0,0,0,0,0
513359,0,0,0,0,0,0
513361,0,0,0,0,0,0
511451,0,0,0,0,0,0
511441,0,0,0,0,0,0
511921,0,0,0,0,0,0
513363,0,0,0,0,0,0
513358,0,0,0,0,0,0
511458,0,0,0,0,0,0
511445,0,0,0,0,0,0
513360,0,0,0,0,0,0
511436,0,0,0,0,0,0
511440,0,0,0,0,0,0
516351,0,0,0,0,0,0
512179,0,0,0,0,0,0
516350,0,0,0,0,0,0
511463,0,0,0,0,0,0
516352,0,0,0,0,0,0
511492,0,0,0,0,0,0
511446,0,0,0,0,0,0
513357,0,0,0,0,0,0
511453,0,0,0,0,0,0
513362,0,0,0,0,0,0
511443,0,0,0,0,0,0
516349,0,0,0,0,0,0
511467,0,0,0,0,0,0
511449,0,0,0,0,0,0
511048,0,0,0,0,0,0
510272,0,0,0,0,0,0
511580,0,0,0,0,0,0
510266,0,0,0,0,0,0
510282,0,0,0,0,0,0
513312,0,0,0,0,0,0
510273,0,0,0,0,0,0
510275,0,0,0,0,0,0
510263,0,0,0,0,0,0
510291,0,0,0,0,0,0
514303,0,0,0,0,0,0
516073,0,0,0,0,0,0
515082,0,0,0,0,0,0
515106,0,0,0,0,0,0
515081,0,0,0,0,0,0
511584,0,0,0,0,0,0
515087,0,0,0,0,0,0
516074,0,0,0,0,0,0
513391,0,0,0,0,0,0
511587,0,0,0,0,0,0
511588,0,0,0,0,0,0
510264,0,0,0,0,0,0
510293,0,0,0,0,0,0
510265,0,0,0,0,0,0
515105,0,0,0,0,0,0
516396,0,0,0,0,0,0
510280,0,0,0,0,0,0
512748,0,0,0,0,0,0
512747,0,0,0,0,0,0
515083,0,0,0,0,0,0
515085,0,0,0,0,0,0
510281,0,0,0,0,0,0
512754,0,0,0,0,0,0
510278,0,0,0,0,0,0
510274,0,0,0,0,0,0
512040,0,0,0,0,0,0
510267,0,0,0,0,0,0
516394,0,0,0,0,0,0
516395,0,0,0,0,0,0
515086,0,0,0,0,0,0
514196,0,0,0,0,0,0
511581,0,0,0,0,0,0
510261,0,0,0,0,0,0
512018,0,0,0,0,0,0
513258,0,0,0,0,0,0
512022,0,0,0,0,0,0
512026,0,0,0,0,0,0
508584,0,0,0,0,0,0
512051,0,0,0,0,0,0
512028,0,0,0,0,0,0
507854,0,0,0,0,0,0
511116,0,0,0,0,0,0
512032,0,0,0,0,0,0
512030,0,0,0,0,0,0
513260,0,0,0,0,0,0
513259,0,0,0,0,0,0
511117,0,0,0,0,0,0
512035,0,0,0,0,0,0
512033,0,0,0,0,0,0
512034,0,0,0,0,0,0
511808,0,0,0,0,0,0
512015,0,0,0,0,0,0
512017,0,0,0,0,0,0
512019,0,0,0,0,0,0
512014,0,0,0,0,0,0
512031,0,0,0,0,0,0
512029,0,0,0,0,0,0
507868,0,0,0,0,0,0
512021,0,0,0,0,0,0
507873,0,0,0,0,0,0
516054,0,0,0,0,0,0
509578,0,0,0,0,0,0
506881,0,0,0,0,0,0
509580,0,0,0,0,0,0
516051,0,0,0,0,0,0
506884,0,0,0,0,0,0
509584,0,0,0,0,0,0
516053,0,0,0,0,0,0
515187,0,0,0,0,0,0
511723,0,0,0,0,0,0
511651,0,0,0,0,0,0
515188,0,0,0,0,0,0
516058,0,0,0,0,0,0
509585,0,0,0,0,0,0
516055,0,0,0,0,0,0
516057,0,0,0,0,0,0
516056,0,0,0,0,0,0
509583,0,0,0,0,0,0
512150,0,0,0,0,0,0
516222,0,0,0,0,0,0
516221,0,0,0,0,0,0
512586,0,0,0,0,0,0
516220,0,0,0,0,0,0
516219,0,0,0,0,0,0
506149,0,0,0,0,0,0
506150,0,0,0,0,0,0
506151,0,0,0,0,0,0
516224,0,0,0,0,0,0
512589,0,0,0,0,0,0
512590,0,0,0,0,0,0
516223,0,0,0,0,0,0
506158,0,0,0,0,0,0
507512,0,0,0,0,0,0
512588,0,0,0,0,0,0
510296,0,0,0,0,0,0
512587,0,0,0,0,0,0
506161,0,0,0,0,0,0
506162,0,0,0,0,0,0
506164,0,0,0,0,0,0
506166,0,0,0,0,0,0
514142,0,0,0,0,0,0
508183,0,0,0,0,0,0
508791,0,0,0,0,0,0
510913,0,0,0,0,0,0
508829,0,0,0,0,0,0
508797,0,0,0,0,0,0
508215,0,0,0,0,0,0
508177,0,0,0,0,0,0
508830,0,0,0,0,0,0
508915,0,0,0,0,0,0
508828,0,0,0,0,0,0
514293,0,0,0,0,0,0
508824,0,0,0,0,0,0
508790,0,0,0,0,0,0
508796,0,0,0,0,0,0
514338,0,0,0,0,0,0
508792,0,0,0,0,0,0
512038,0,0,0,0,0,0
509950,0,0,0,0,0,0
509954,0,0,0,0,0,0
508827,0,0,0,0,0,0
514291,0,0,0,0,0,0
508788,0,0,0,0,0,0
513803,0,0,0,0,0,0
513804,0,0,0,0,0,0
513802,0,0,0,0,0,0
513801,0,0,0,0,0,0
508211,0,0,0,0,0,0
514294,0,0,0,0,0,0
508217,0,0,0,0,0,0
509951,0,0,0,0,0,0
508216,0,0,0,0,0,0
511726,0,0,0,0,0,0
509736,0,0,0,0,0,0
509739,0,0,0,0,0,0
509809,0,0,0,0,0,0
509810,0,0,0,0,0,0
509811,0,0,0,0,0,0
513749,0,0,0,0,0,0
513748,0,0,0,0,0,0
513747,0,0,0,0,0,0
509733,0,0,0,0,0,0
509748,0,0,0,0,0,0
509738,0,0,0,0,0,0
509731,0,0,0,0,0,0
509807,0,0,0,0,0,0
509808,0,0,0,0,0,0
509753,0,0,0,0,0,0
509744,0,0,0,0,0,0
509749,0,0,0,0,0,0
509742,0,0,0,0,0,0
509756,0,0,0,0,0,0
509740,0,0,0,0,0,0
509741,0,0,0,0,0,0
509745,0,0,0,0,0,0
509730,0,0,0,0,0,0
509728,0,0,0,0,0,0
509734,0,0,0,0,0,0
509729,0,0,0,0,0,0
509735,0,0,0,0,0,0
509737,0,0,0,0,0,0
509747,0,0,0,0,0,0
509755,0,0,0,0,0,0
511082,0,0,0,0,0,0
511084,0,0,0,0,0,0
511086,0,0,0,0,0,0
509746,0,0,0,0,0,0
509750,0,0,0,0,0,0
509754,0,0,0,0,0,0
515963,0,0,0,0,0,0
513093,0,0,0,0,0,0
513080,0,0,0,0,0,0
513084,0,0,0,0,0,0
513094,0,0,0,0,0,0
513100,0,0,0,0,0,0
513090,0,0,0,0,0,0
514071,0,0,0,0,0,0
514089,0,0,0,0,0,0
514072,0,0,0,0,0,0
514090,0,0,0,0,0,0
514075,0,0,0,0,0,0
514091,0,0,0,0,0,0
513109,0,0,0,0,0,0
513104,0,0,0,0,0,0
513098,0,0,0,0,0,0
513081,0,0,0,0,0,0
513774,0,0,0,0,0,0
513778,0,0,0,0,0,0
513091,0,0,0,0,0,0
513112,0,0,0,0,0,0
515962,0,0,0,0,0,0
513101,0,0,0,0,0,0
513082,0,0,0,0,0,0
513102,0,0,0,0,0,0
514094,0,0,0,0,0,0
513088,0,0,0,0,0,0
513079,0,0,0,0,0,0
513095,0,0,0,0,0,0
513108,0,0,0,0,0,0
513083,0,0,0,0,0,0
513103,0,0,0,0,0,0
513099,0,0,0,0,0,0
513110,0,0,0,0,0,0
513089,0,0,0,0,0,0
513097,0,0,0,0,0,0
513096,0,0,0,0,0,0
514096,0,0,0,0,0,0
513111,0,0,0,0,0,0
512462,0,0,0,0,0,0
512457,0,0,0,0,0,0
512469,0,0,0,0,0,0
512465,0,0,0,0,0,0
512468,0,0,0,0,0,0
512467,0,0,0,0,0,0
512456,0,0,0,0,0,0
512464,0,0,0,0,0,0
512463,0,0,0,0,0,0
512461,0,0,0,0,0,0
512477,0,0,0,0,0,0
512474,0,0,0,0,0,0
512476,0,0,0,0,0,0
512475,0,0,0,0,0,0
512473,0,0,0,0,0,0
512454,0,0,0,0,0,0
512470,0,0,0,0,0,0
512459,0,0,0,0,0,0
514195,0,0,0,0,0,0
512466,0,0,0,0,0,0
513758,0,0,0,0,0,0
512472,0,0,0,0,0,0
512455,0,0,0,0,0,0
512479,0,0,0,0,0,0
512471,0,0,0,0,0,0
512478,0,0,0,0,0,0
506413,0,0,0,0,0,0
513609,0,0,0,0,0,0
513611,0,0,0,0,0,0
506416,0,0,0,0,0,0
506444,0,0,0,0,0,0
512321,0,0,0,0,0,0
516401,0,0,0,0,0,0
516400,0,0,0,0,0,0
516402,0,0,0,0,0,0
506419,0,0,0,0,0,0
506420,0,0,0,0,0,0
516201,0,0,0,0,0,0
516202,0,0,0,0,0,0
515263,0,0,0,0,0,0
510065,0,0,0,0,0,0
506450,0,0,0,0,0,0
513613,0,0,0,0,0,0
512322,0,0,0,0,0,0
510064,0,0,0,0,0,0
512894,0,0,0,0,0,0
512893,0,0,0,0,0,0
513612,0,0,0,0,0,0
512892,0,0,0,0,0,0
506428,0,0,0,0,0,0
512326,0,0,0,0,0,0
506430,0,0,0,0,0,0
506431,0,0,0,0,0,0
510081,0,0,0,0,0,0
506435,0,0,0,0,0,0
506436,0,0,0,0,0,0
508677,0,0,0,0,0,0
506438,0,0,0,0,0,0
513610,0,0,0,0,0,0
506474,0,0,0,0,0,0
513618,0,0,0,0,0,0
516397,0,0,0,0,0,0
507957,0,0,0,0,0,0
511864,0,0,0,0,0,0
506338,0,0,0,0,0,0
515232,0,0,0,0,0,0
513605,0,0,0,0,0,0
511823,0,0,0,0,0,0
507966,0,0,0,0,0,0
507952,0,0,0,0,0,0
507949,0,0,0,0,0,0
513698,0,0,0,0,0,0
515227,0,0,0,0,0,0
507951,0,0,0,0,0,0
512699,0,0,0,0,0,0
507946,0,0,0,0,0,0
505739,0,0,0,0,0,0
511866,0,0,0,0,0,0
505735,0,0,0,0,0,0
505737,0,0,0,0,0,0
505742,0,0,0,0,0,0
507036,0,0,0,0,0,0
505741,0,0,0,0,0,0
507035,0,0,0,0,0,0
506344,0,0,0,0,0,0
513617,0,0,0,0,0,0
513809,0,0,0,0,0,0
507948,0,0,0,0,0,0
516398,0,0,0,0,0,0
507032,0,0,0,0,0,0
515231,0,0,0,0,0,0
515228,0,0,0,0,0,0
513616,0,0,0,0,0,0
507969,0,0,0,0,0,0
507033,0,0,0,0,0,0
513620,0,0,0,0,0,0
507031,0,0,0,0,0,0
514343,0,0,0,0,0,0
515230,0,0,0,0,0,0
511874,0,0,0,0,0,0
505736,0,0,0,0,0,0
507030,0,0,0,0,0,0
513606,0,0,0,0,0,0
511825,0,0,0,0,0,0
513615,0,0,0,0,0,0
507153,0,0,0,0,0,0
515229,0,0,0,0,0,0
508031,0,0,0,0,0,0
507964,0,0,0,0,0,0
514344,0,0,0,0,0,0
507958,0,0,0,0,0,0
505738,0,0,0,0,0,0
516409,0,0,0,0,0,0
515630,0,0,0,0,0,0
515636,0,0,0,0,0,0
515631,0,0,0,0,0,0
515629,0,0,0,0,0,0
515632,0,0,0,0,0,0
515638,0,0,0,0,0,0
515637,0,0,0,0,0,0
515814,0,0,0,0,0,0
515634,0,0,0,0,0,0
509766,0,0,0,0,0,0
514341,0,0,0,0,0,0
514322,0,0,0,0,0,0
514340,0,0,0,0,0,0
509782,0,0,0,0,0,0
511500,0,0,0,0,0,0
512258,0,0,0,0,0,0
509778,0,0,0,0,0,0
514324,0,0,0,0,0,0
515212,0,0,0,0,0,0
514323,0,0,0,0,0,0
509768,0,0,0,0,0,0
509770,0,0,0,0,0,0
514327,0,0,0,0,0,0
514321,0,0,0,0,0,0
509774,0,0,0,0,0,0
512440,0,0,0,0,0,0
512438,0,0,0,0,0,0
512441,0,0,0,0,0,0
512439,0,0,0,0,0,0
511503,0,0,0,0,0,0
509783,0,0,0,0,0,0
509788,0,0,0,0,0,0
514317,0,0,0,0,0,0
514335,0,0,0,0,0,0
514320,0,0,0,0,0,0
514328,0,0,0,0,0,0
514319,0,0,0,0,0,0
509769,0,0,0,0,0,0
514325,0,0,0,0,0,0
514326,0,0,0,0,0,0
509757,0,0,0,0,0,0
509773,0,0,0,0,0,0
509781,0,0,0,0,0,0
509786,0,0,0,0,0,0
512327,0,0,0,0,0,0
515290,0,0,0,0,0,0
516357,0,0,0,0,0,0
513436,0,0,0,0,0,0
505658,0,0,0,0,0,0
516361,0,0,0,0,0,0
513431,0,0,0,0,0,0
511846,0,0,0,0,0,0
513438,0,0,0,0,0,0
505662,0,0,0,0,0,0
511849,0,0,0,0,0,0
513430,0,0,0,0,0,0
511841,0,0,0,0,0,0
513432,0,0,0,0,0,0
511843,0,0,0,0,0,0
511675,0,0,0,0,0,0
511711,0,0,0,0,0,0
511847,0,0,0,0,0,0
516358,0,0,0,0,0,0
511712,0,0,0,0,0,0
511848,0,0,0,0,0,0
511671,0,0,0,0,0,0
511839,0,0,0,0,0,0
511840,0,0,0,0,0,0
513434,0,0,0,0,0,0
516360,0,0,0,0,0,0
511845,0,0,0,0,0,0
515224,0,0,0,0,0,0
515223,0,0,0,0,0,0
505672,0,0,0,0,0,0
511710,0,0,0,0,0,0
514415,0,0,0,0,0,0
514413,0,0,0,0,0,0
514414,0,0,0,0,0,0
513435,0,0,0,0,0,0
511674,0,0,0,0,0,0
506449,0,0,0,0,0,0
505673,0,0,0,0,0,0
509993,0,0,0,0,0,0
505675,0,0,0,0,0,0
505677,0,0,0,0,0,0
511834,0,0,0,0,0,0
513433,0,0,0,0,0,0
506302,0,0,0,0,0,0
505679,0,0,0,0,0,0
511836,0,0,0,0,0,0
511887,0,0,0,0,0,0
515222,0,0,0,0,0,0
513439,0,0,0,0,0,0
513440,0,0,0,0,0,0
505687,0,0,0,0,0,0
513437,0,0,0,0,0,0
513441,0,0,0,0,0,0
515225,0,0,0,0,0,0
516359,0,0,0,0,0,0
508997,0,0,0,0,0,0
508994,0,0,0,0,0,0
508984,0,0,0,0,0,0
513282,0,0,0,0,0,0
508978,0,0,0,0,0,0
513301,0,0,0,0,0,0
513303,0,0,0,0,0,0
509003,0,0,0,0,0,0
513277,0,0,0,0,0,0
515122,0,0,0,0,0,0
508991,0,0,0,0,0,0
513278,0,0,0,0,0,0
513279,0,0,0,0,0,0
513302,0,0,0,0,0,0
508990,0,0,0,0,0,0
513640,0,0,0,0,0,0
508981,0,0,0,0,0,0
510995,0,0,0,0,0,0
513267,0,0,0,0,0,0
512436,0,0,0,0,0,0
512434,0,0,0,0,0,0
512437,0,0,0,0,0,0
512435,0,0,0,0,0,0
513635,0,0,0,0,0,0
513271,0,0,0,0,0,0
513665,0,0,0,0,0,0
513299,0,0,0,0,0,0
513264,0,0,0,0,0,0
513270,0,0,0,0,0,0
513269,0,0,0,0,0,0
513636,0,0,0,0,0,0
508632,0,0,0,0,0,0
513642,0,0,0,0,0,0
513305,0,0,0,0,0,0
513666,0,0,0,0,0,0
513639,0,0,0,0,0,0
509002,0,0,0,0,0,0
513306,0,0,0,0,0,0
508996,0,0,0,0,0,0
511706,0,0,0,0,0,0
513280,0,0,0,0,0,0
508635,0,0,0,0,0,0
516077,0,0,0,0,0,0
513668,0,0,0,0,0,0
513297,0,0,0,0,0,0
515120,0,0,0,0,0,0
515119,0,0,0,0,0,0
513298,0,0,0,0,0,0
509503,0,0,0,0,0,0
508631,0,0,0,0,0,0
513304,0,0,0,0,0,0
513308,0,0,0,0,0,0
513643,0,0,0,0,0,0
508998,0,0,0,0,0,0
509010,0,0,0,0,0,0
513638,0,0,0,0,0,0
512595,0,0,0,0,0,0
515957,0,0,0,0,0,0
512598,0,0,0,0,0,0
507984,0,0,0,0,0,0
507985,0,0,0,0,0,0
509909,0,0,0,0,0,0
507976,0,0,0,0,0,0
512594,0,0,0,0,0,0
507982,0,0,0,0,0,0
515170,0,0,0,0,0,0
512596,0,0,0,0,0,0
507048,0,0,0,0,0,0
512597,0,0,0,0,0,0
505744,0,0,0,0,0,0
505743,0,0,0,0,0,0
505750,0,0,0,0,0,0
512593,0,0,0,0,0,0
512591,0,0,0,0,0,0
513759,0,0,0,0,0,0
507040,0,0,0,0,0,0
507991,0,0,0,0,0,0
507038,0,0,0,0,0,0
512599,0,0,0,0,0,0
507039,0,0,0,0,0,0
505745,0,0,0,0,0,0
512592,0,0,0,0,0,0
507041,0,0,0,0,0,0
511707,0,0,0,0,0,0
507977,0,0,0,0,0,0
513566,0,0,0,0,0,0
516179,0,0,0,0,0,0
516176,0,0,0,0,0,0
516175,0,0,0,0,0,0
516177,0,0,0,0,0,0
516707,0,0,0,0,0,0
516174,0,0,0,0,0,0
516178,0,0,0,0,0,0
516180,0,0,0,0,0,0
515777,0,0,0,0,0,0
515764,0,0,0,0,0,0
515780,0,0,0,0,0,0
515778,0,0,0,0,0,0
515779,0,0,0,0,0,0
516705,0,0,0,0,0,0
516706,0,0,0,0,0,0
515743,0,0,0,0,0,0
515745,0,0,0,0,0,0
515744,0,0,0,0,0,0
515741,0,0,0,0,0,0
515742,0,0,0,0,0,0
515746,0,0,0,0,0,0
515747,0,0,0,0,0,0
516313,0,0,0,0,0,0
516311,0,0,0,0,0,0
512062,0,0,0,0,0,0
512657,0,0,0,0,0,0
516310,0,0,0,0,0,0
512068,0,0,0,0,0,0
512077,0,0,0,0,0,0
512055,0,0,0,0,0,0
512056,0,0,0,0,0,0
512084,0,0,0,0,0,0
513314,0,0,0,0,0,0
516315,0,0,0,0,0,0
516312,0,0,0,0,0,0
512070,0,0,0,0,0,0
512072,0,0,0,0,0,0
512073,0,0,0,0,0,0
512086,0,0,0,0,0,0
516314,0,0,0,0,0,0
512071,0,0,0,0,0,0
512058,0,0,0,0,0,0
512059,0,0,0,0,0,0
515103,0,0,0,0,0,0
516319,0,0,0,0,0,0
516316,0,0,0,0,0,0
516317,0,0,0,0,0,0
516318,0,0,0,0,0,0
512063,0,0,0,0,0,0
512081,0,0,0,0,0,0
512065,0,0,0,0,0,0
512052,0,0,0,0,0,0
512066,0,0,0,0,0,0
512064,0,0,0,0,0,0
512069,0,0,0,0,0,0
512092,0,0,0,0,0,0
513764,0,0,0,0,0,0
512083,0,0,0,0,0,0
512075,0,0,0,0,0,0
512060,0,0,0,0,0,0
512080,0,0,0,0,0,0
513309,0,0,0,0,0,0
512085,0,0,0,0,0,0
512094,0,0,0,0,0,0
515107,0,0,0,0,0,0
512091,0,0,0,0,0,0
512088,0,0,0,0,0,0
512089,0,0,0,0,0,0
512079,0,0,0,0,0,0
512067,0,0,0,0,0,0
512076,0,0,0,0,0,0
512074,0,0,0,0,0,0
514147,0,0,0,0,0,0
507907,0,0,0,0,0,0
507564,0,0,0,0,0,0
507566,0,0,0,0,0,0
514148,0,0,0,0,0,0
509619,0,0,0,0,0,0
509593,0,0,0,0,0,0
509596,0,0,0,0,0,0
514149,0,0,0,0,0,0
513726,0,0,0,0,0,0
507573,0,0,0,0,0,0
507574,0,0,0,0,0,0
509607,0,0,0,0,0,0
509657,0,0,0,0,0,0
509622,0,0,0,0,0,0
507578,0,0,0,0,0,0
509592,0,0,0,0,0,0
509620,0,0,0,0,0,0
509621,0,0,0,0,0,0
507577,0,0,0,0,0,0
507582,0,0,0,0,0,0
509624,0,0,0,0,0,0
509623,0,0,0,0,0,0
509608,0,0,0,0,0,0
511763,0,0,0,0,0,0
511773,0,0,0,0,0,0
511769,0,0,0,0,0,0
516274,0,0,0,0,0,0
511781,0,0,0,0,0,0
511771,0,0,0,0,0,0
511760,0,0,0,0,0,0
511765,0,0,0,0,0,0
511778,0,0,0,0,0,0
513725,0,0,0,0,0,0
511775,0,0,0,0,0,0
511780,0,0,0,0,0,0
511764,0,0,0,0,0,0
511770,0,0,0,0,0,0
511762,0,0,0,0,0,0
511777,0,0,0,0,0,0
511774,0,0,0,0,0,0
516275,0,0,0,0,0,0
511768,0,0,0,0,0,0
511767,0,0,0,0,0,0
516273,0,0,0,0,0,0
511786,0,0,0,0,0,0
511785,0,0,0,0,0,0
511784,0,0,0,0,0,0
511776,0,0,0,0,0,0
509172,0,0,0,0,0,0
509177,0,0,0,0,0,0
509214,0,0,0,0,0,0
509225,0,0,0,0,0,0
509215,0,0,0,0,0,0
509178,0,0,0,0,0,0
509221,0,0,0,0,0,0
513746,0,0,0,0,0,0
513745,0,0,0,0,0,0
509174,0,0,0,0,0,0
509223,0,0,0,0,0,0
513744,0,0,0,0,0,0
509211,0,0,0,0,0,0
509227,0,0,0,0,0,0
509230,0,0,0,0,0,0
509220,0,0,0,0,0,0
509112,0,0,0,0,0,0
509170,0,0,0,0,0,0
509229,0,0,0,0,0,0
509217,0,0,0,0,0,0
509212,0,0,0,0,0,0
509175,0,0,0,0,0,0
509219,0,0,0,0,0,0
509213,0,0,0,0,0,0
509232,0,0,0,0,0,0
509218,0,0,0,0,0,0
509171,0,0,0,0,0,0
509228,0,0,0,0,0,0
509176,0,0,0,0,0,0
509179,0,0,0,0,0,0
509222,0,0,0,0,0,0
509231,0,0,0,0,0,0
509173,0,0,0,0,0,0
509216,0,0,0,0,0,0
509226,0,0,0,0,0,0
509224,0,0,0,0,0,0
515149,0,0,0,0,0,0
512679,0,0,0,0,0,0
512682,0,0,0,0,0,0
508455,0,0,0,0,0,0
507370,0,0,0,0,0,0
508445,0,0,0,0,0,0
508448,0,0,0,0,0,0
508449,0,0,0,0,0,0
508470,0,0,0,0,0,0
508909,0,0,0,0,0,0
508462,0,0,0,0,0,0
508451,0,0,0,0,0,0
508454,0,0,0,0,0,0
515146,0,0,0,0,0,0
507372,0,0,0,0,0,0
512680,0,0,0,0,0,0
512681,0,0,0,0,0,0
508446,0,0,0,0,0,0
508450,0,0,0,0,0,0
507375,0,0,0,0,0,0
507374,0,0,0,0,0,0
512683,0,0,0,0,0,0
512685,0,0,0,0,0,0
508468,0,0,0,0,0,0
508452,0,0,0,0,0,0
508466,0,0,0,0,0,0
516860,0,0,0,0,0,0
513792,0,0,0,0,0,0
515147,0,0,0,0,0,0
512684,0,0,0,0,0,0
508456,0,0,0,0,0,0
508471,0,0,0,0,0,0
508464,0,0,0,0,0,0
508465,0,0,0,0,0,0
512686,0,0,0,0,0,0
508460,0,0,0,0,0,0
508458,0,0,0,0,0,0
509863,0,0,0,0,0,0
513238,0,0,0,0,0,0
508485,0,0,0,0,0,0
508486,0,0,0,0,0,0
506773,0,0,0,0,0,0
512568,0,0,0,0,0,0
506772,0,0,0,0,0,0
506766,0,0,0,0,0,0
508196,0,0,0,0,0,0
508479,0,0,0,0,0,0
515968,0,0,0,0,0,0
506765,0,0,0,0,0,0
508197,0,0,0,0,0,0
508478,0,0,0,0,0,0
514987,0,0,0,0,0,0
507447,0,0,0,0,0,0
506770,0,0,0,0,0,0
508199,0,0,0,0,0,0
508482,0,0,0,0,0,0
506768,0,0,0,0,0,0
508190,0,0,0,0,0,0
508481,0,0,0,0,0,0
506767,0,0,0,0,0,0
508191,0,0,0,0,0,0
508480,0,0,0,0,0,0
510881,0,0,0,0,0,0
513208,0,0,0,0,0,0
508770,0,0,0,0,0,0
508490,0,0,0,0,0,0
506740,0,0,0,0,0,0
507448,0,0,0,0,0,0
508473,0,0,0,0,0,0
508489,0,0,0,0,0,0
506741,0,0,0,0,0,0
508185,0,0,0,0,0,0
508472,0,0,0,0,0,0
508493,0,0,0,0,0,0
506763,0,0,0,0,0,0
508187,0,0,0,0,0,0
508476,0,0,0,0,0,0
508491,0,0,0,0,0,0
506762,0,0,0,0,0,0
508188,0,0,0,0,0,0
508475,0,0,0,0,0,0
508492,0,0,0,0,0,0
506761,0,0,0,0,0,0
508189,0,0,0,0,0,0
508474,0,0,0,0,0,0
506771,0,0,0,0,0,0
508193,0,0,0,0,0,0
513719,0,0,0,0,0,0
508498,0,0,0,0,0,0
508192,0,0,0,0,0,0
508205,0,0,0,0,0,0
513224,0,0,0,0,0,0
513225,0,0,0,0,0,0
508203,0,0,0,0,0,0
508204,0,0,0,0,0,0
514070,0,0,0,0,0,0
508497,0,0,0,0,0,0
505533,0,0,0,0,0,0
505534,0,0,0,0,0,0
512533,0,0,0,0,0,0
513254,0,0,0,0,0,0
514069,0,0,0,0,0,0
505535,0,0,0,0,0,0
513253,0,0,0,0,0,0
505537,0,0,0,0,0,0
505540,0,0,0,0,0,0
505541,0,0,0,0,0,0
505542,0,0,0,0,0,0
514068,0,0,0,0,0,0
511163,0,0,0,0,0,0
505545,0,0,0,0,0,0
511162,0,0,0,0,0,0
511164,0,0,0,0,0,0
508910,0,0,0,0,0,0
505544,0,0,0,0,0,0
510914,0,0,0,0,0,0
505546,0,0,0,0,0,0
512532,0,0,0,0,0,0
513252,0,0,0,0,0,0
513251,0,0,0,0,0,0
505550,0,0,0,0,0,0
508604,0,0,0,0,0,0
514132,0,0,0,0,0,0
510038,0,0,0,0,0,0
510039,0,0,0,0,0,0
509966,0,0,0,0,0,0
509967,0,0,0,0,0,0
505554,0,0,0,0,0,0
513256,0,0,0,0,0,0
505556,0,0,0,0,0,0
513255,0,0,0,0,0,0
509763,0,0,0,0,0,0
509764,0,0,0,0,0,0
509765,0,0,0,0,0,0
510762,0,0,0,0,0,0
515466,0,0,0,0,0,0
510079,0,0,0,0,0,0
513257,0,0,0,0,0,0
505559,0,0,0,0,0,0
509965,0,0,0,0,0,0
513720,0,0,0,0,0,0
505560,0,0,0,0,0,0
505561,0,0,0,0,0,0
505562,0,0,0,0,0,0
505565,0,0,0,0,0,0
505566,0,0,0,0,0,0
505567,0,0,0,0,0,0
505568,0,0,0,0,0,0
505571,0,0,0,0,0,0
505572,0,0,0,0,0,0
514134,0,0,0,0,0,0
505573,0,0,0,0,0,0
505574,0,0,0,0,0,0
505575,0,0,0,0,0,0
505576,0,0,0,0,0,0
505577,0,0,0,0,0,0
514133,0,0,0,0,0,0
505578,0,0,0,0,0,0
506305,0,0,0,0,0,0
506320,0,0,0,0,0,0
506310,0,0,0,0,0,0
506309,0,0,0,0,0,0
506313,0,0,0,0,0,0
506307,0,0,0,0,0,0
512120,0,0,0,0,0,0
506306,0,0,0,0,0,0
506329,0,0,0,0,0,0
506322,0,0,0,0,0,0
509067,0,0,0,0,0,0
511828,0,0,0,0,0,0
506315,0,0,0,0,0,0
506304,0,0,0,0,0,0
506308,0,0,0,0,0,0
506325,0,0,0,0,0,0
515455,0,0,0,0,0,0
515457,0,0,0,0,0,0
515454,0,0,0,0,0,0
515456,0,0,0,0,0,0
515453,0,0,0,0,0,0
506314,0,0,0,0,0,0
511755,0,0,0,0,0,0
506326,0,0,0,0,0,0
506319,0,0,0,0,0,0
506321,0,0,0,0,0,0
506328,0,0,0,0,0,0
506311,0,0,0,0,0,0
509068,0,0,0,0,0,0
506323,0,0,0,0,0,0
506312,0,0,0,0,0,0
511754,0,0,0,0,0,0
511549,0,0,0,0,0,0
505288,0,0,0,0,0,0
505289,0,0,0,0,0,0
506852,0,0,0,0,0,0
506853,0,0,0,0,0,0
509866,0,0,0,0,0,0
507545,0,0,0,0,0,0
505290,0,0,0,0,0,0
511550,0,0,0,0,0,0
509870,0,0,0,0,0,0
507546,0,0,0,0,0,0
507547,0,0,0,0,0,0
507238,0,0,0,0,0,0
509828,0,0,0,0,0,0
509829,0,0,0,0,0,0
512039,0,0,0,0,0,0
516037,0,0,0,0,0,0
513750,0,0,0,0,0,0
509831,0,0,0,0,0,0
511547,0,0,0,0,0,0
509868,0,0,0,0,0,0
507548,0,0,0,0,0,0
505292,0,0,0,0,0,0
511548,0,0,0,0,0,0
507556,0,0,0,0,0,0
506855,0,0,0,0,0,0
506856,0,0,0,0,0,0
509869,0,0,0,0,0,0
507552,0,0,0,0,0,0
505293,0,0,0,0,0,0
516036,0,0,0,0,0,0
511551,0,0,0,0,0,0
507555,0,0,0,0,0,0
512101,0,0,0,0,0,0
512102,0,0,0,0,0,0
509114,0,0,0,0,0,0
509120,0,0,0,0,0,0
509294,0,0,0,0,0,0
509293,0,0,0,0,0,0
509124,0,0,0,0,0,0
509144,0,0,0,0,0,0
513740,0,0,0,0,0,0
513739,0,0,0,0,0,0
514138,0,0,0,0,0,0
514139,0,0,0,0,0,0
513738,0,0,0,0,0,0
509123,0,0,0,0,0,0
509142,0,0,0,0,0,0
509140,0,0,0,0,0,0
509133,0,0,0,0,0,0
509141,0,0,0,0,0,0
509119,0,0,0,0,0,0
509137,0,0,0,0,0,0
509143,0,0,0,0,0,0
514361,0,0,0,0,0,0
509255,0,0,0,0,0,0
509113,0,0,0,0,0,0
509108,0,0,0,0,0,0
509109,0,0,0,0,0,0
509117,0,0,0,0,0,0
509122,0,0,0,0,0,0
509139,0,0,0,0,0,0
509116,0,0,0,0,0,0
509257,0,0,0,0,0,0
509256,0,0,0,0,0,0
509118,0,0,0,0,0,0
509121,0,0,0,0,0,0
509138,0,0,0,0,0,0
509258,0,0,0,0,0,0
509115,0,0,0,0,0,0
509126,0,0,0,0,0,0
509145,0,0,0,0,0,0
513963,0,0,0,0,0,0
513967,0,0,0,0,0,0
513977,0,0,0,0,0,0
513978,0,0,0,0,0,0
513974,0,0,0,0,0,0
513957,0,0,0,0,0,0
513948,0,0,0,0,0,0
513958,0,0,0,0,0,0
513960,0,0,0,0,0,0
513976,0,0,0,0,0,0
513972,0,0,0,0,0,0
513975,0,0,0,0,0,0
513971,0,0,0,0,0,0
513973,0,0,0,0,0,0
513956,0,0,0,0,0,0
513949,0,0,0,0,0,0
513954,0,0,0,0,0,0
513962,0,0,0,0,0,0
513953,0,0,0,0,0,0
513950,0,0,0,0,0,0
513979,0,0,0,0,0,0
513955,0,0,0,0,0,0
513966,0,0,0,0,0,0
513952,0,0,0,0,0,0
513961,0,0,0,0,0,0
513964,0,0,0,0,0,0
513968,0,0,0,0,0,0
513980,0,0,0,0,0,0
514427,0,0,0,0,0,0
513981,0,0,0,0,0,0
513959,0,0,0,0,0,0
513970,0,0,0,0,0,0
513965,0,0,0,0,0,0
513951,0,0,0,0,0,0
513969,0,0,0,0,0,0
511407,0,0,0,0,0,0
511418,0,0,0,0,0,0
511397,0,0,0,0,0,0
511411,0,0,0,0,0,0
511398,0,0,0,0,0,0
516368,0,0,0,0,0,0
511424,0,0,0,0,0,0
511417,0,0,0,0,0,0
511430,0,0,0,0,0,0
511409,0,0,0,0,0,0
511413,0,0,0,0,0,0
511404,0,0,0,0,0,0
511414,0,0,0,0,0,0
511405,0,0,0,0,0,0
511406,0,0,0,0,0,0
511431,0,0,0,0,0,0
511470,0,0,0,0,0,0
516369,0,0,0,0,0,0
511410,0,0,0,0,0,0
511435,0,0,0,0,0,0
511401,0,0,0,0,0,0
513564,0,0,0,0,0,0
511403,0,0,0,0,0,0
513807,0,0,0,0,0,0
513808,0,0,0,0,0,0
513805,0,0,0,0,0,0
513806,0,0,0,0,0,0
516336,0,0,0,0,0,0
511408,0,0,0,0,0,0
512116,0,0,0,0,0,0
511420,0,0,0,0,0,0
511412,0,0,0,0,0,0
511416,0,0,0,0,0,0
516337,0,0,0,0,0,0
511428,0,0,0,0,0,0
511415,0,0,0,0,0,0
509159,0,0,0,0,0,0
509183,0,0,0,0,0,0
509203,0,0,0,0,0,0
509168,0,0,0,0,0,0
509197,0,0,0,0,0,0
509167,0,0,0,0,0,0
509204,0,0,0,0,0,0
509110,0,0,0,0,0,0
509158,0,0,0,0,0,0
513743,0,0,0,0,0,0
513742,0,0,0,0,0,0
513741,0,0,0,0,0,0
509161,0,0,0,0,0,0
509166,0,0,0,0,0,0
509182,0,0,0,0,0,0
509198,0,0,0,0,0,0
509196,0,0,0,0,0,0
509180,0,0,0,0,0,0
509181,0,0,0,0,0,0
509202,0,0,0,0,0,0
509162,0,0,0,0,0,0
509195,0,0,0,0,0,0
509165,0,0,0,0,0,0
509209,0,0,0,0,0,0
509200,0,0,0,0,0,0
509208,0,0,0,0,0,0
509187,0,0,0,0,0,0
509201,0,0,0,0,0,0
509207,0,0,0,0,0,0
509206,0,0,0,0,0,0
509194,0,0,0,0,0,0
509157,0,0,0,0,0,0
509169,0,0,0,0,0,0
509199,0,0,0,0,0,0
509210,0,0,0,0,0,0
509160,0,0,0,0,0,0
509186,0,0,0,0,0,0
509205,0,0,0,0,0,0
507607,0,0,0,0,0,0
507608,0,0,0,0,0,0
509027,0,0,0,0,0,0
507609,0,0,0,0,0,0
509878,0,0,0,0,0,0
507610,0,0,0,0,0,0
507611,0,0,0,0,0,0
507612,0,0,0,0,0,0
508657,0,0,0,0,0,0
507614,0,0,0,0,0,0
507615,0,0,0,0,0,0
512717,0,0,0,0,0,0
507618,0,0,0,0,0,0
507617,0,0,0,0,0,0
507619,0,0,0,0,0,0
507620,0,0,0,0,0,0
510900,0,0,0,0,0,0
515090,0,0,0,0,0,0
509028,0,0,0,0,0,0
507623,0,0,0,0,0,0
507624,0,0,0,0,0,0
509026,0,0,0,0,0,0
515089,0,0,0,0,0,0
512115,0,0,0,0,0,0
511691,0,0,0,0,0,0
513723,0,0,0,0,0,0
507627,0,0,0,0,0,0
507628,0,0,0,0,0,0
507468,0,0,0,0,0,0
506475,0,0,0,0,0,0
515234,0,0,0,0,0,0
515233,0,0,0,0,0,0
512114,0,0,0,0,0,0
507791,0,0,0,0,0,0
506010,0,0,0,0,0,0
506014,0,0,0,0,0,0
515242,0,0,0,0,0,0
507796,0,0,0,0,0,0
515241,0,0,0,0,0,0
507809,0,0,0,0,0,0
506022,0,0,0,0,0,0
507799,0,0,0,0,0,0
506024,0,0,0,0,0,0
512537,0,0,0,0,0,0
512539,0,0,0,0,0,0
515238,0,0,0,0,0,0
515235,0,0,0,0,0,0
515237,0,0,0,0,0,0
506032,0,0,0,0,0,0
506033,0,0,0,0,0,0
506034,0,0,0,0,0,0
508936,0,0,0,0,0,0
508938,0,0,0,0,0,0
513767,0,0,0,0,0,0
506036,0,0,0,0,0,0
506039,0,0,0,0,0,0
506040,0,0,0,0,0,0
507811,0,0,0,0,0,0
506043,0,0,0,0,0,0
515246,0,0,0,0,0,0
513365,0,0,0,0,0,0
506044,0,0,0,0,0,0
515239,0,0,0,0,0,0
507782,0,0,0,0,0,0
515244,0,0,0,0,0,0
508935,0,0,0,0,0,0
506051,0,0,0,0,0,0
506052,0,0,0,0,0,0
515248,0,0,0,0,0,0
507784,0,0,0,0,0,0
506054,0,0,0,0,0,0
506055,0,0,0,0,0,0
512534,0,0,0,0,0,0
512536,0,0,0,0,0,0
515243,0,0,0,0,0,0
507785,0,0,0,0,0,0
506057,0,0,0,0,0,0
515247,0,0,0,0,0,0
507786,0,0,0,0,0,0
515245,0,0,0,0,0,0
507810,0,0,0,0,0,0
506073,0,0,0,0,0,0
506074,0,0,0,0,0,0
510088,0,0,0,0,0,0
508231,0,0,0,0,0,0
515788,0,0,0,0,0,0
515784,0,0,0,0,0,0
515782,0,0,0,0,0,0
515786,0,0,0,0,0,0
515783,0,0,0,0,0,0
515781,0,0,0,0,0,0
515787,0,0,0,0,0,0
516592,0,0,0,0,0,0
516593,0,0,0,0,0,0
516591,0,0,0,0,0,0
516590,0,0,0,0,0,0
515793,0,0,0,0,0,0
511622,0,0,0,0,0,0
511519,0,0,0,0,0,0
511524,0,0,0,0,0,0
510177,0,0,0,0,0,0
512737,0,0,0,0,0,0
511520,0,0,0,0,0,0
514187,0,0,0,0,0,0
510179,0,0,0,0,0,0
510928,0,0,0,0,0,0
511521,0,0,0,0,0,0
512106,0,0,0,0,0,0
513468,0,0,0,0,0,0
510167,0,0,0,0,0,0
510187,0,0,0,0,0,0
514190,0,0,0,0,0,0
510161,0,0,0,0,0,0
511518,0,0,0,0,0,0
510163,0,0,0,0,0,0
510164,0,0,0,0,0,0
511620,0,0,0,0,0,0
510175,0,0,0,0,0,0
510166,0,0,0,0,0,0
510172,0,0,0,0,0,0
510168,0,0,0,0,0,0
513321,0,0,0,0,0,0
511505,0,0,0,0,0,0
511504,0,0,0,0,0,0
510165,0,0,0,0,0,0
513722,0,0,0,0,0,0
510174,0,0,0,0,0,0
514193,0,0,0,0,0,0
510176,0,0,0,0,0,0
511513,0,0,0,0,0,0
512107,0,0,0,0,0,0
510220,0,0,0,0,0,0
510218,0,0,0,0,0,0
514201,0,0,0,0,0,0
514188,0,0,0,0,0,0
510169,0,0,0,0,0,0
511687,0,0,0,0,0,0
513320,0,0,0,0,0,0
514192,0,0,0,0,0,0
512108,0,0,0,0,0,0
514191,0,0,0,0,0,0
510170,0,0,0,0,0,0
511525,0,0,0,0,0,0
513370,0,0,0,0,0,0
514298,0,0,0,0,0,0
510219,0,0,0,0,0,0
510326,0,0,0,0,0,0
510159,0,0,0,0,0,0
513526,0,0,0,0,0,0
513530,0,0,0,0,0,0
510160,0,0,0,0,0,0
505468,0,0,0,0,0,0
505469,0,0,0,0,0,0
505463,0,0,0,0,0,0
510155,0,0,0,0,0,0
513527,0,0,0,0,0,0
505460,0,0,0,0,0,0
510157,0,0,0,0,0,0
510154,0,0,0,0,0,0
505473,0,0,0,0,0,0
512104,0,0,0,0,0,0
505465,0,0,0,0,0,0
505466,0,0,0,0,0,0
505475,0,0,0,0,0,0
510158,0,0,0,0,0,0
505464,0,0,0,0,0,0
513752,0,0,0,0,0,0
505470,0,0,0,0,0,0
512652,0,0,0,0,0,0
512869,0,0,0,0,0,0
512868,0,0,0,0,0,0
505477,0,0,0,0,0,0
508579,0,0,0,0,0,0
510156,0,0,0,0,0,0
505467,0,0,0,0,0,0
513532,0,0,0,0,0,0
513529,0,0,0,0,0,0
514404,0,0,0,0,0,0
505472,0,0,0,0,0,0
512870,0,0,0,0,0,0
515116,0,0,0,0,0,0
512789,0,0,0,0,0,0
511697,0,0,0,0,0,0
505415,0,0,0,0,0,0
512793,0,0,0,0,0,0
508523,0,0,0,0,0,0
515101,0,0,0,0,0,0
505414,0,0,0,0,0,0
512792,0,0,0,0,0,0
505408,0,0,0,0,0,0
510148,0,0,0,0,0,0
510149,0,0,0,0,0,0
512796,0,0,0,0,0,0
505407,0,0,0,0,0,0
505420,0,0,0,0,0,0
510150,0,0,0,0,0,0
512786,0,0,0,0,0,0
512790,0,0,0,0,0,0
511699,0,0,0,0,0,0
505411,0,0,0,0,0,0
512785,0,0,0,0,0,0
512788,0,0,0,0,0,0
512784,0,0,0,0,0,0
505410,0,0,0,0,0,0
513757,0,0,0,0,0,0
514384,0,0,0,0,0,0
505433,0,0,0,0,0,0
505409,0,0,0,0,0,0
505413,0,0,0,0,0,0
510146,0,0,0,0,0,0
512787,0,0,0,0,0,0
512791,0,0,0,0,0,0
512794,0,0,0,0,0,0
514385,0,0,0,0,0,0
511986,0,0,0,0,0,0
512526,0,0,0,0,0,0
514117,0,0,0,0,0,0
511992,0,0,0,0,0,0
511989,0,0,0,0,0,0
511999,0,0,0,0,0,0
512000,0,0,0,0,0,0
514118,0,0,0,0,0,0
514342,0,0,0,0,0,0
511994,0,0,0,0,0,0
514297,0,0,0,0,0,0
511983,0,0,0,0,0,0
511978,0,0,0,0,0,0
512003,0,0,0,0,0,0
514114,0,0,0,0,0,0
511984,0,0,0,0,0,0
513766,0,0,0,0,0,0
512007,0,0,0,0,0,0
512001,0,0,0,0,0,0
511998,0,0,0,0,0,0
514115,0,0,0,0,0,0
514119,0,0,0,0,0,0
511977,0,0,0,0,0,0
514111,0,0,0,0,0,0
511975,0,0,0,0,0,0
511974,0,0,0,0,0,0
511993,0,0,0,0,0,0
511991,0,0,0,0,0,0
514301,0,0,0,0,0,0
514113,0,0,0,0,0,0
514302,0,0,0,0,0,0
512005,0,0,0,0,0,0
